Contractor,Owner
GED CONSTRUCTION,Gretchen E. Dumo
RODEKOM GENERAL CONSTRUCTION AND ENTERPRISE,Rolly D. Kom-os
VILLAR GENERAL CONSTRUCTION AND SUPPLIES,Remedios G. Villar
HIGH ROCK CONSTRUCTION AND SUPPLIES INCORPORATED,Mark Anthony D. Aguinaldo
JHI CONSTRUCTION & SUPPLY,Jose H. Iloreta
UNIMAX STEEL STRUCTURE AND CONSTRUCTION CORP.,Mark Anthony G. Uy
KRYPTONITE 6S BUILDERS INC.,Aileen S. Sison
UNIVERSAL DE LEON CONSTRUCTION AND AGGREGATES,Danilo T. De Leon
SILVERWOLVES CONSTRUCTION CORPORATION,Ronald Ryan R. Lee
ANORE CONSTRUCTION,Arsenio O. Orena
PANGASINAN NEW WILSON LUMBER & CONSTRUCTION SUPPLY,Wilson S. Chua
MY BUILDERS AND CONSTRUCTION,Myrna Y. Yco
ORIENTAL SALES CENTER AND CONTRACTOR,William T. Lee
ALCEL CONSTRUCTION,Alfredo L. Celino
JONIK TRADING & CONSTRUCTION,Nicholas B. Joni
A.I.P. CONSTRUCTION,Alexander I. Pimentel
IGWT-JAV CONSTRUCTION & DEVELOPMENT CORPORATION,Janet A. Vidad
LATAWAN EDUARDO AP-O DEVELOPERS CONSTRUCTION SERVICES,Eduardo A. Latawan
E.T. LATAWAN CONSTRUCTION,Edward T. Latawan
FIRST NORTHWAY DEVELOPMENT & CONSTRUCTION CORP.,Ronaldo M. Fariñas
M.V. SABALBURO CONSTRUCTION AND SUPPLY,Marlon V. Sabalburo
JEUSMACK BUILDERS & CONSTRUCTION SUPPLY,Jesus M. Acantilado
AYANA CONSTRUCTION AND TRADING,Edna B. Tabucol
BERSON'S CONSTRUCTION & TRADING,Bernardo A. Soriano
T2B3 BUILDERS AND SUPPLIES CORP.,Teodoro T. Batin
"RPV RED MOUNTAIN KONSTRUCT, INC.",Rizaldy P. Valenzuela
MG SAMIDAN CONSTRUCTION,Mylene G. Samidan
RAMDC CONSTRUCTION AND TRADING,Rogelio M. Dela Cruz
SAMANTHA ENTERPRISES,Samantha L. Sion
FIT CONSTRUCTION,"Felicisimo I. Tabilin, Jr."
ROCK-WBL CONSTRUCTION CORP.,Wilbert B. Lim
MBB CONSTRUCTION AND SUPPLY,Mary Jane B. Buccat
BET CONSTRUCTION & SUPPLY,Bernardo E. Tamayo
LEZA CONSTRUCTION & SUPPLY,Zeny A. Lee
"BADOC BUILDERS & SUPPLY, INC.",Thomas N. Torralba
FLORDES CONSTRUCTION & TRADING CORP.,Mary Flor D. Fariñas
E.E. MADAYAG CONSTRUCTION,Estrelita E. Madayag
BALINTUGAN CONSTRUCTION,Joel R. Balintugan
R.G.TABIN CONSTRUCTION AND SUPPLY,Reynaldo G. Tabin
R.A. MATIAS CONSTRUCTION AND DEVELOPERS INC.,Ricardo A. Matias
NORTH TECH BUILDERS AND CONSTRUCTION SUPPLY,Jayson S. Veracion
EXTENSIVE STEEL WORKS AND CONSTRUCTION,Jayson S. Veracion
AMP 723 CONSTRUCTION CORPORATION,Araceli M. Pascual
EJIEV CONSTRUCTION SERVICES,Ethel Jieve C. Nilo
NABANEW CONSTRUCTION AND SUPPLY,Newmylyn M. Naban
APP CONSTRUCTION AND SUPPLIES,Amelia P. Pasion
A.C. SOLIVEN CONSTRUCTION & GENERAL MERCHANDISE,Alejandro C. Soliven
RANIA CONSTRUCTION AND SUPPLIES,Rania K. Magarang
J.G. GARCIA CONSTRUCTION & SUPPLY,Jonathan G. Garcia
SYNDTITE CONSTRUCTION CORPORATION,Mark Darrel A. Salang
MRK-SQUARE CONSTRUCTION AND SUPPLY,MARIA KRISTINA C. RIVERA
AB DIAMOND23 CONSTRUCTION,ALVIN M. BONDOC
MIGHTYWAY CONSTRUCTION AND SUPPLY,ALEJANDRO S. TENGCO
ARM-ASIA CONSTRUCTION & ENGINEERING,ARMANDO R. MANALASTAS
ZEDIK BUILDERS,DERRICK EDWARD C. KAW
739 BUILDERS,MARITES C. TAN
AMETHYST HORIZON BUILDERS AND GEN. CONTRACTOR AND DEVELOPMENT CORP.,Jonathan D. Am-is
BUILDERS EXPONENT EMPIRE CORP.,RAMIL C. MENDOZA
LINEAR CONSTRUCTION CORP.,ROBERTO Z. CONSUNJI
BJMJB CONSTRUCTION & SUPPLY,MARIBEL J. BACANI
"R.A. PAHATI CONST. & SUPPLY, INC.",ROMMEL A. PAHATI
HEKLER BUILDERS CORP.,LARRY A. ANGELES
M.G. LUALHATI CONSTRUCTION CORP.,MARIO G. LUALHATI
BMK CONSTRUCTION CORPORATION,BARTOLOME M. KINTANAR
RS RODRIGUEZ CONSTRUCTION & SUPPLIES,RENANTE S. RODRIGUEZ
W.J.P. CONSTRUCTION AND SUPPLY,WILFREDO J. PANALIGAN
ARCINUE COMM'L CORPORATION,FELICITO R. ARCINUE
RIVBROS CONSTRUCTION FACTORS & DEVELOPMENT,EDGARDO P. RIVERA
CHIARA2300 INCORPORATED,MA. TERESA G. RAMOS
EJR BUILDERS & CONSTRUCTION SUPPLY,EDUARDO J. RAMOS
ST. GERRARD CONSTRUCTION GEN. CONTRACTOR & DEVELOPMENT CORP.,PACIFICO F. DISCAYA II
J.C. PINON CONSTRUCTION INC.,JAIME C. PINON
WAWAO BUILDERS,JERRY M. WAWAO
JLP CONSTRUCTION & SUPPLY,JENNIFER L. PAMINTUAN
GREAT PACIFIC BUILDERS AND GEN. CONTRACTOR INC.,Not found
RED JEWEL BUILDERS,JEROME T. DAYAO
JMBM CONSTRUCTION,JOSE MARI B. MAGNO
JMCQ CONSTRUCTION AND SUPPLY,JOHN MICHAEL C. QUIAMBAO
C.T. LEONCIO CONSTRUCTION & TRADING,CONSOLACION T. LEONCIO
SOLID STAR BUILDERS AND CONSTRUCTION SUPPLY,ROLANDO T. SO
MEGAPOLITAN BUILDERS AND CONSTRUCTION SUPPLY,JACQUELINE T. SO
CAMBONG-BUILDERS INDUSTRIAL FACILITIES CONSTRUCTION,CESAR M. CAMBONG
TMT CONSTRUCTION,MARIA TERESA S. TENGCO
SJ MILLENNIUM CONSTRUCTION AND CONSTRUCTION SUPPLY CORPORATION,ERLINDA R. ALVARO
EGB CONSTRUCTION CORPORATION,EDGARDO G. BUNDA
CDC CONSTRUCTION & SUPPLIES,CIELO D. CAPALAD
ALPHA & OMEGA GEN. CONTRACTOR & DEVELOPMENT CORP.,AMADOR M. GUEVARRA
KRB CONSTRUCTION,KRISTIAN RYAN B. SANGALANG
RCD GEN. CONTRACTOR & CONSTRUCTION SUPPLY,ROLANDO C. DIZON
RIEMAR CONSTRUCTION,RICARDO F. MALIWAT
HAUSLAND CONSTRUCTION,WILFREDO M. TAN
2-R CONSTRUCTION SUPPLY,RAUL R. RIVERA
JABEN GENERAL CONTRACTING & ENG'G SERVICES,JAIME B. ENTENA
"CURRIMAO CONSTRUCTION & DEVELOPMENT, INC.",Not found
A.P.B. CONSTRUCTION,ABELARDO P. BALICAS
AJ TAYLAN CONSTRUCTION CORPORATION,ALEXANDER J. TAYLAN
CZMAC CONSTRUCTION SERVICES,MACARIO L. CRUZ
FABRO CONSTRUCTION,EFREN P. FABRO
N.A. IBARRA CONSTRUCTION,NESTOR A. IBARRA
ST. MATTHEW GEN. CONTRACTOR & DEVELOPMENT CORP.,AMELITA L. DE DIOS
MGB CONSTRUCTION & TRADING,MARIA GRACIA M. BAUTISTA
11-16 CONSTRUCTION,ALLAN P. HERNANDEZ
DJCM CONSTRUCTION CORPORATION,DANILO C. MANALASTAS
POWER K CONSTRUCTION SUPPLY & SERVICES,KATHERINE G. PANGILINAN
TRI-LINE BUILDERS,ANTONIO M. CANLAS
ALPHIN TRADING & CONSTRUCTION,ALVIN P. PINEDA
WAY MAKER GENERAL CONTRACTOR OPC,JOMELYN T. OBRA
KATHA BUILDERS & SUPPLIES INC.,KELVIN LESTER K. LEE
AQUINO-DELA CRUZ ENGINEERING & CONSTRUCTION,MARLON C. DELA CRUZ
REMAR CONSTRUCTION,REMEDIOS A. RAMOS
BALLESTEROS CONSTRUCTION AND SUPPLY,MARITES P. BALLESTEROS
GEORAVIN CONSTRUCTION & SUPPLIES,GEORGE C. RAVIN
MANIMELDS CONSTRUCTION & IRON WORKS,IMELDA A. MANIAGO
KVC CONSTRUCTION,KENNEDY V. CARIAGA
ZOTA TRADING & CONSTRUCTION,RODERICK F. ZOTA
HERCULES VENTURES INC.,RAYMOND V. GOMEZ
SOLID NORTH CONSTRUCTION,RICHARD E. FAMILARA
YPR GEN. CONTRACTOR AND CONSTRUCTION SUPPLY INC.,YOLANDA P. RIVERA
ROCKWELL CONSTRUCTION AND SUPPLY,ROCKY L. VALENCIA
"J.A. OLIVAR ENGINEERING DESIGN, CONSTRUCTION AND S",JOSEPH ARISTOTLE L. OLIVAR
R.B. PANO CONSTRUCTION CORP.,REYNALDO B. PANO
5J AND G CONSTRUCTION AND SUPPLY,JESSIE JAMES G. GUMPAL
SOLSONA-GANAL CONSTRUCTION & SUPPLY,"PERFECTO B. GANAL, JR."
PAGTAENGAN BUILDERS AND CONCRETE PRODUCTS,ROMEO S. PAGTAENGAN
CMG JR. BUILDERS,"CELESTINO M. GUMPAL, JR."
ALTHEA CONSTRUCTION,JOAN D. LAROYA
"SATRAP CONSTRUCTION CO., INC.",ILDEFONSO B. REYES
R.F. FLORES CONSTRUCTION,REYNALDO F. FLORES
TG SURCON BUILDERS INC.,THELMA G. SURAT
FRAMECON BUILDERS,FRANCISCO V. RAMIREZ
RAPHAEIL CONSTRUCTION,HEIDEE MAE R. RAFANAN
JCA CONSTRUCTION AND CONSTRUCTION SUPPLY,JOEL C. ASUNCION
FR ESPIRITU BUILDERS AND DEVELOPMENT CORP.,FERDINAND R. ESPIRITU
J.H. PAJARA CONSTRUCTION CORPORATION,JUANITO H. PAJARA
"S-ANG CONSTRUCTION & GENERAL TRADING, INC.",SHIELA D. ANG
LXS BUILDERS & SUPPLIES,JOMAR S. SISON
NOSIDE CONSTRUCTION,EDISON N. NATIVIDAD
M.A. TEJADA CONSTRUCTION,MARLON A. TEJADA
ST. TIMOTHY CONSTRUCTION CORPORATION,RAOUL V. ROMULO
JOZEN BUILDERS AND CONSTRUCTION SUPPLY CORPORATION,JOSE ZENON G. GUIEB
ASIAN PEARL CONSTRUCTION & DEVT. CORP.,EPIFANIO R. VILLAFUERTE
DYLAN EQUIPMENT CONSTRUCTION AND SUPPLIES,DYLAN C. DY
"SKYLINE CONSTRUCTION, EQUIPMENT AND DEVELOPMENT CORPORATION",EDWIN M. MANUGUE
VIKING CONSTRUCTION & SUPPLIES,JOEL F. RAGONJAN
REMIGIO GENERAL CONSTRUCTION,ANGELITO D. REMIGIO
FORTHRIGHT CONSTRUCTION,NOEL A. ALVARADO
LEGACY CONSTRUCTION CORPORATION,COSNAPIE D. LIMPANGOG
ROGENOX CONSTRUCTION AND SUPPLY CORP.,ROSELLER R. OXIMOSO
JASA GD 2000 CONSTRUCTION CORPORATION,ANGELITO D. DE GUZMAN
GOLDRICH CONSTRUCTION & TRADING,RICHARD C. DAVID
VCD CONSTRUCTION,Vincent C. Dy
PRECIOUS CONSTRUCTION,Lorenzo L. Chua
ST. ALMERS CONSTRUCTION AND ENTERPRISE,Ma. Lorena S. Almeria
DMGR BUILDERS,Daniel R. Gonzales
BONIMAR CONSTRUCTION ENTERPRISES,"Bonifacio T. Mariano, Jr."
ALTEC CONSTRUCTION,Alexander G. Turingan
MOLTE ARIES CONSTRUCTION AND INDUSTRIES,Ariel O. Tolentino
BLUE MOUNTAIN BUILDERS & GENERAL MDSE.,Roel M. Caronan
"Z-5 CONSTRUCTION, INC.",Edwin R. Zingapan
RRC CO. INC.,Ronnie R. Chua
INFINITUM 888 CONSTRUCTION AND DEVELOPMENT CORPORATION,Erickson S. Ong
"ALGO CONSTRUCTION AND POWER DEVELOPMENT, INC.",Alfredo G. Olmedo
JWU CONSTRUCTION AND SUPPLY,Jonathan W. Uy
CAMBERWELL CONSTRUCTION AND SUPPLIES,Jerome B. Lappay
INFINITI CONSTRUCTION AND DEVELOPMENT CORPORATION,Richard C. See
MAR-DEB CONSTRUCTION & DEVELOPMENT CORP.,Mariano B. De Guzman
DALCON CONSTRUCTION,Danilo A. Lappay
V.B. MANUBAY CONSTRUCTION,Victor B. Manubay
GACUTAN CONSTRUCTION INC.,George L. Gacutan
4MD JSL CONSTRUCTION INC. INNOVATIVE CREATION CORPORATION),Johnson S. Lim
TJMT CONSTRUCTION,Tito Junior M. Turingan
DEKM CONSTRUCTION,Domingo E.K. Medrano
CITRUS COUNTRY CONSTRUCTION,Benjamin T. Go
APS CONSTRUCTION,Amado P. Sunga
MJMARI BUILDERS AND DEVELOPMENT CORPORATION,Mario L. Javier
VBM CONSTRUCTION CORP.,Victor B. Manubay
MEGAY CONSTRUCTION INC.,George U. Megay
VHT CAGAYAN BUILDERS CORPORATION,Venus H. Turingan
JERIS CONSTRUCTION AND SUPPLY,Jerome R. Sison
MA TESORO CONSTRUCTION,Marites M. Tesoro
"A.P.D. CONSTRUCTION, INC.",Alfonso P. Devera
DRAGON TWELVE BUILDERS & CONSTRUCTION SUPPLY,Neil Aldrin C. Uy
ROAD EDGE TRADING & DEVELOPMENT SERVICES,Maribel A. Tolentino
MAV CONSTRUCTION SUPPLY AND POWER DEVELOPMENT,Marlo A. Ventura
JAY ARCIE CONSTRUCTION AND SUPPLY,Jay Arcie C. Arzadon
ARVEA'S CONSTRUCTION,Arnold D. Vea
A COLOMA CONSTRUCTION,Alexander G. Coloma
ARCI CONSTRUCTION,Arnel C. Ignacio
RPP 928 CONSTRUCTION CORPORATION,Romulo P. Parafina
BRG CONSTRUCTION,Bernardo R. Gumaro
A. DE GUIA CONSTRUCTION AND DEVELOPMENT CORPORATION,Alfredo T. De Guia
CASAN CONSTRUCTION AND TRADING,Catherine A. Santiago
OCP CONSTRUCTION,Oscar C. Pineda
N-J CONSTRUCTION,Nathaniel U. Joves
RR BUILDERS,Romeo O. Rafal
INDUSTRIAL CONTROLS CORPORATION (ICC),Dante M. Abando
"J.F. GABOTERO, INC.",Jose Francisco F. Gabotero
HIGH ROAD CONSTRUCTION SERVICES,Jesse James D. De Leon
JLL PULSAR CONSTRUCTION CORPORATION,Jean L. Lim
D.J.D. CONSTRUCTION INC.,Domingo J. Deleña
STRONGLANE BUILDERS AND TRADING CORPORATION,Ronaldo S. Badiola
FNS BUILDERS & ENTERPRISE,Francisco N. Sebastian
J. AURELLANO CONSTRUCTION,Joseph P. Aurellano
PRIME MASTER CONST. AND DEV'T. CORP.,Philip A. Cruz
REYROSE CONSTRUCTION,Reynaldo R. Rosales
FLAVIE CIVIL ENGINEERING CONSTRUCTION,Flaviano P. Vicera Jr.
DANYSONS CONSTRUCTION AND DEVELOPMENT CORPORATION,Danny O. So
NTL BUILDERS AND DEVELOPER,Nelda T. Lim
JAMPAT BUILDERS,Jacqueline M. Patricio
R.E.A. CONSTRUCTION,Rowena E. Aguilar
JEICCA BUILDERS,Jessie A. Cruz
"J.G. YACAS CONSTRUCTION, SUPPLY AND EQUIPMENT RENTAL",Joemar G. Yacas
JIRK CONSTRUCTION,Jimmy I. Rosal
J.I. ESPINO CONSTRUCTION,Jose I. Espino
"M.E. SICAT CONSTRUCTION, INC.",Michael Allan E. Sicat
MILESTONE 888 CONSTRUCTION INC.,Erickson S. Lee
TIKA CONSTRUCTION INC.,Archimedes C. Ticala
AGAFER CONSTRUCTION AND TRADING CORPORATION,Alexander G. Festejo
RPF CONSTRUCTION,Rene P. Ferrer
OLIVA DESIGN AND CONSTRUCTION,Reymund F. Oliva
J.B. ALCANTARA BUILDERS,Jeffrey B. Alcantara
619 BUILDERS CONSTRUCTION CORPORATION,Cenon T. Pineda Jr.
DOUBLE J1908 CONSTRUCTION,Jayson J. Alcantara
JC PALOMO CONSTRUCTION & CONSTRUCTION SUPPLY,Juanito C. Palomo
J.E.L. CONSTRUCTION & SUPPLY,Joven E. Llagas
KEVIN PAUL CONSTRUCTION,Kevin Paul R. Tiu
DECERIE'S CONSTRUCTION,Ronaldo C. Dela Cruz
GVDPM CONSTRUCTION CORP.,Glenn Villadiego Pimentel
COLBY CONSTRUCTION,Michael Vincent C. Co
"C.R. DOMINGO CONSTRUCTION AND POWER DEVELOPMENT, INC.",Cesar R. Domingo
M.R. VARGAS CONSTRUCTION CORPORATION,Not found
JDL5 CONSTRUCTION CORPORATION,Jose D. Lazaro V
R.O. BUILDERS & DEVELOPMENT CORPORATION,Ruperto G. Ocampo
QUASAR CONSTRUCTION AND SUPPLY,John Henry P. Fadrigo
E. GUADIZ CONSTRUCTION,Edwin T. Guadiz
SIFFU ROCKS CONSTRUCTION,Mark Anthony T. Siffu
RAMIKE CONSTRUCTION,Raquel G. Miguel
R.L. PACANA'S CONSTRUCTION & DEVELOPMENT,Romeo L. Pacana
SWIFT DEVELOPMENT AND SUPPLIES CORP.,Michael T. Tiu
ERIC VAN P. SESBRENO CONSTRUCTION,Eric Van P. Sesbreño
V.B. GINES CONSTRUCTION,Victor B. Gines
YZK BUILDERS,Yangzi K. Sy
BIG G BUILDERS,Geronimo G. Gimeno
ED1SON DEVELOPMENT & CONSTRUCTION INC.,Edison P. Ching
BDA JR CONSTRUCTION,Benito D. Abraham Jr.
D.A. CADELIÑA CONSTRUCTION,Danilo A. Cadeliña
3K ROCK ENGINEERING,Kaiser D. King
DANDEX CONSTRUCTION,Danilo D. Existoso
JTM CONSTRUCTION,Jeffrey T. Magpantay
HHK CONSTRUCTION,Henry H. Kua
DECA CONSTRUCTION,Dennis C. Almazan
W.D. NAVARRO CONSTRUCTION CO.,Wilfredo D. Navarro
TRIPLE P CONSTRUCTION,Pablo P. Perez
ASC CONSTRUCTION & CONCRETE PRODUCTS,Arnel S. Candelaria
PERRC INC.,Portia E. Reantillo
NCL BUILDERS AND CONSTRUCTION SUPPLY,Nerissa C. Lucas
JANN-NORRIS CONSTRUCTION AND SUPPLIES INC.,Janet N. Sagun
CVAP CONSTRUCTION,Cesar V. Alipio Pangilinan
SHANLEY CONSTRUCTION,Shirley Ann N. Lee
E.V. INTERIOR CONSTRUCTION,Ethel V. Interior
JOHN-JANN CONST. AND SUPPLIES CORP.,John N. Sagun
BHM CONSTRUCTION,Benigno H. Magno
CREST92 CONSTRUCTION & DEVELOPMENT CORPORATION,Cesar L. De Pano
ADVANCED FOUNDATION CONSTRUCTION SYSTEMS CORP.,Michael C. J. Gonzalez
G.M. PAJARILLAGA CONSTRUCTION & SUPPLY,Gilbert M. Pajarillaga
NC RODRIGUEZ CONSTRUCTION,Noel C. Rodriguez
MOJR CONSTRUCTION AND DEVELOPMENT CORPORATION,Michael O. J. Romero
A.J. LAVA BUILDERS CORP.,Antonio J. Lava
ORANI CONSTRUCTION AND SUPPLY CORPORATION,Jocelyn M. Pascual
CELSO C. FERRER CONSTRUCTION CORP.,Celso C. Ferrer
BIG BERTHA CONSTRUCTION & DEVELOPMENT,Marilou A. David
ALEXI LOUISSE CONSTRUCTION & GENERAL MERCHANDISE,Alexander M. Liwanag
F-DEY CONSTRUCTION AND TRADING,Fernando F. Dayrit
NUEDA BUILDERS CONSTRUCTION & SUPPLY INC.,Nixon C. Nueda
ROYAL CROWN MONARCH CONSTRUCTION & SUPPLIES CORP.,Rosalinda T. Co
GJE BUILDERS CORPORATION,George Jasper E. Esguerra
RD8 BUILDERS CORPORATION UNDER THE NAME OF RD8 BUILDERS,Reynaldo D. Yabut
JB CONSTRUCTION AND SUPPLY INC.,Joseph B. Baluyut
IJK MAE CONSTRUCTION INC.,Mary Aileen C. Ke
NEWBIG FOUR J CONSTRUCTION INC.,Jaime S. Joson Jr.
TRIPLE S BUILDERS INC.,Shierwin T. Siao
WHITE OAK CONSTRUCTION & DEVELOPMENT CORP.,Allan A. Alfon
GERRA CONSTRUCTION INCORPORATED,Gerry J. Rañada
EDDMARI CONSTRUCTION & TRADING,Edgardo T. Mariano
ADSL CONSTRUCTION & TRADING,Aldrin D.S. Ledesma
G.F. FABIAN CONSTRUCTION,Gerardo F. Fabian
F316 CONSTRUCTION CORP.,Joseph L. Cruz
IM CONSTRUCTION CORPORATION,Ibarra G. Moreno
C & F CONSTRUCTION & DEVELOPMENT CORPORATION,Filipinas C. Francisco
"KYRO BUILDERS, INC.",Jonathan R. Kiong
EIRISH BUILDERS & SUPPLY INC.,Ireneo S. Erispe
M3 KONSTRACT CORPORATION,Michael F. Matti
POLYMER-VIC CONSTRUCTION,Victor P. Rodriguez
"TRIPLE 8 CONSTRUCTION & SUPPLY, INC.",Marivic S. Tagle
FIVE TRAVELLERS CONSTRUCTION INC.,Ramon S. Villuga
DGSARM BUILDERS INC.,Danilo S. Sarmiento
"729 CONSTRUCTION, INC.",Alvin V. Cruz
JKOJ CONSTRUCTION SUPPLIES TRADING,Jeric Karl O. Jamias
BAMM BUSINESS VENTURES INC.,Marco R. Mendoza
"L.R. TIQUI BUILDERS, INC.",Leandro R. Tiqui
NIÑAS CONSTRUCTION CORP.,Elvira P. Niña
FERDSTAR BUILDERS INC.,Ferdinand L. Estrellado
JUSTBILT BUILDERS,Justiniano T. Roxas
TOPNOTCH CATALYST BUILDERS INC.,Maria Jocelyn T. Cruz
ONE FRAME CONSTRUCTION INC.,Richard P. Celeste
BEAM TEAM DEVELOPER SPECIALIST INC.,Jhon Rey M. Natividad
RADIANS BUILDERS AND SUPPLY CORPORATION,Alvin B. Poblete
EDFROBON CONSTRUCTION SERVICES INCORPORATED,Edgardo F. Bondoc
ANGEL BUILDERS & CONSTRUCTION SUPPLY,Angelito L. De Guzman
"PERSAN CONSTRUCTION, INC.",Percival G. Sanchez
4VC BUILDERS & DEVELOPMENT CORP.,Remiel A. Villarama
N.C. AGUILAR CONST. & SUPPLY INC.,Nelia C. Aguilar
PASCAL CONSTRUCTION,Elpidio A. Pascal
REPOLMAN CONSTRUCTION CORP.,Leonardo T. Repolman
VANMARVIL CONSTRUCTION,Marvin T. Villegas
MORNING STEEL CONSTRUCTION,Edward C. So
R.D. TALENS CONSTRUCTION AND TRADING,Raquel D. Talens
DMLC BUILDERS,Danilo M. L. Carlos
N-22 CONSTRUCTION AND TRADING,Arnie V. Natividad
MIVICO BUILDERS & DEVELOPERS,Michael Vincent C. Co
M.C.J. VALENZUELA CONSTRUCTION ENTERPRISES,Maria Cecilia J. Valenzuela
TONKA CONSTRUCTION,Antonio K. Chua
A.R.L. CONSTRUCTION,Arturo R. Lising
JAGONBUILD CONSTRUCTION CORP.,Gonzalo P. Jabon
"WBX CONSTRUCTION, INC",William B. Xo
M.V.GUBALLA CONSTRUCTION CORPORATION,Marlon V. Guballa
M.M. SERRANO CONSTRUCTION COMPANY,Marcial M. Serrano
CALCON ENGINEERING,Calixto S. Francisco
"THREE W BUILDERS, INC.",Roberto H. Wy
DJB CONSTRUCTION SERVICES,Danilo J. Buenaventura
TRICHES CONSTRUCTION & TRADING,Cherry A. Trinidad
STO. CRISTO CONSTRUCTION & TRADING INC.,Amado M. Yabut
LAMASIA BUILDERS AND SUPPLY CORP.,Laurence Anthony A. Sia
E.R. VENZON CONSTRUCTION,Eduardo R. Venzon
L.R. DE GUZMAN CONSTRUCTION,Lauro R. De Guzman
BPQ CONSTRUCTION AND TRADING,Bernardo P. Quizon
RAIK CONSTRUCTION AND DEVELOPMENT CORPORATION,Jomarie F. Mones
J.G. MENDOZA BUILDERS,Joselito G. Mendoza
MRB11 CONSTRUCTION CORPORATION,Mark Ryan M. Bautista
SYMS CONSTRUCTION TRADING,Not found
ELITE GENERAL CONTRACTOR AND DEVELOPMENT CORP.,Raffy L. Dela Rosa
AZUL BUILDERS,Azucena L. Punzalan
BELL CONSTRUCTION,Bella T. Chua
M.S. RAMOS CONSTRUCTION INC.,Manuel S. Ramos
NORTHERN BUILDERS,"Isaac S. Montero, Jr."
M.G. SALAZAR CONSTRUCTION CORP.,Mario G. Salazar
525 CONSTRUCTION,Ramon T. Sia
GLOBALCRETE BUILDERS INC.,Randy C. Ladaga
A.R.T. DWELL LIFESTYLE STORE AND ECO BUILDERS,Archie T. Reyes
MICHARIAN BUILDERS AND TRADING,Michael John B. Chan
"DAUNGAN CONSTRUCTION DEV'T. & GEN. SUPPLIES CO., INC.",Dario M. Daungan
1199S CONSTRUCTION,Sheila S. Soco
JERRY R. SANTIAGO CONSTRUCTION CORP.,Jerry R. Santiago
DEVEX INCORPORATED,"Pedro H. Templo, Jr."
BRYAN PAUL P. PACHECO CONST. CORP.,Bryan Paul P. Pacheco
4B CONSTRUCTION CORPORATION,Bonifacio O. Bastida
E.L. ANOLIN CONSTRUCTION,Edgardo L. Anolin
AL-B DEVELOPMENT CORPORATION,Alexander L. Bituin
SAN SEBASTIAN CONSTRUCTION,Fernando D. Juan
PRIME PAVE CONSTRUCTION AND ASPHALT CORPORATION,Rommel M. Emano
MAYFLOWER CONSTRUCTION AND DEVELOPMENT CORPORATION,Lester D. Lee
HIGH STRENGTH DEV. CORPORATION,Jose Ramon L. Villanueva
TBB CONSTRUCTION CORP.,Timothy Bryan B. Reyes
DARCY & ANNA BUILDERS & TRADING,Darcy G. Galias
JEPA CONSTRUCTION & SUPPLIES,Jesus P. Angeles
CHOLO CONSTRUCTION AND TRADING,Joselito P. Bituin
WNR CONSTRUCTION AND TRADING,William N. Rojas
RVR3 CONSTRUCTION SUPPLY AND SERVICES,Romeo V. Reyes III
STAR WILLIAM CONSTRUCTION,William T. Go
1FC DIZON CORP.,Ferdinand C. Dizon
DE JESUS CONSTRUCTION,Joselito C. De Jesus
AVE-MIRA CONSTRUCTION AND TRADING,Avito V. Mirador
THREE-IN-ONE CONSTRUCTION & TRADING,Jaime S. Pasion
M.G. FRANCISCO CONSTRUCTION,Mario G. Francisco
ADROIT EJD CONSTRUCTION CORP.,Emerito J. De Guzman
J. SIMEON CONSTRUCTION,Joel L. Simeon
R.G. DIAZ BUILDERS & TRADING,Rolando G. Diaz
P.V.B. CONSTRUCTION & TRADING,Paulino V. Bauto
IRC CONSTRUCTION & SUPPLIES,Irineo R. Casupanan
SYMMETRICON BUILDERS CORP.,Ferdinand T. Goseco
JMSKI CONSTRUCTION AND TRADING,Marilou S. Isidro
SAMJS CONSTRUCTION SERVICES,Samuel M. Sanchez
P.S. AQUINO CONSTRUCTION,Primitivo S. Aquino
RAM BUILDERS & TRADING,Reynold A. Mendiola
"A.L. SALAZAR CONSTRUCTION, INC.",Alfredo L. Salazar
AKN CONSTRUCTION CORPORATION,Arturo K. Naguiat
ERA CONSTRUCTION INC.,Emerita R. Alcala
ALPIZ CONSTRUCTION & DEVELOPMENT CORPORATION,Alfredo I. Pizarro
ARROWHEAD CONSTRUCTION,Ferdinand D. Hernandez
MJ O. BETIS BUILDERS,Michael John O. Betis
V. TRILLANA BUILDERS & TRADING,Victorino G. Trillana
PLL BUILDERS INC.,Pablito L. Lacson
"TOUGHBILT CONSTRUCTION & TRADING, INC.",Jonathan S. Lleses
UNI-FIVE CONSTRUCTION AND TRADING,Romeo A. Lising
R.S.C. CONSTRUCTION SERVICES,Romeo S. Cunanan
SPECO BUILDERS INC.,Manuel M. Tan
NIECER TRADING AND BUILDER COMPANY INC.,Celso R. Nieva
A.T.P. CONSTRUCTION,Artemio T. Punsalan
PTM DEVELOPMENT CORP.,Perry T. Mendiola
WIZARD CONCRETE SOLUTIONS AND CONSTRUCTION CORPORATION,Alfredo L. Ang
J. LINGAT CONSTRUCTION,JESUSITO P. LINGAT
MICKAJETTE CONSTRUCTION AND TRADING,MICHAEL A. MALLARI
FORTUNE RDC ENTERPRISES,ROMEO D. CUNANAN
MCB ZAMORA CONSTRUCTION & SUPPLY,MA. CRISTINA B. ZAMORA
D.R. ROBLES CONSTRUCTION,DANILO R. ROBLES
121 CONSTRUCTION CORPORATION,IRVIN P. PALMA
N.T. TULABUT CONSTRUCTION AND SUPPLY,NESTOR T. TULABUT
DAJ BUILDERS,ALEXANDER D. JUNIO
JOSE RUBI CONSTRUCTION,JOSE S. RUBI
HOR-VERT ENTERPRISES,MARIA ROWENA T. HORCA
JAMJLE PROPERTIES (SUBIC) AND DEVELOPMENT CORPORAT,JEFFREY LIN
R.G. DELA CRUZ CONSTRUCTION,REYNALDO G. DELA CRUZ
A.D. GONZALES JR. CONSTRUCTION & TRADING CO. INC.,"ARMANDO D. GONZALES, JR."
LEBERN BUILDERS TRADING AND GENERAL SERVICES,BERNARDINO L. DAVID
NES-SAN BUILDERS,NESTOR A. SANTIAGO
LE BRON CONSTRUCTION,LEO R. BRONCANO
OLYMPUS MINING AND BUILDERS GROUP PHILS. CORP.,ROMMEL V. OCAMPO
120 OVER CONSTRUCTION CO.,JOSELYN T. TAGLE
VM BUILDERS CONSTRUCTION CORPORATION,VENERANDO M. MERCADO
R.R. RICAFORT CONSTRUCTION AND SUPPLIES,RENATO R. RICAFORT
CONRADO B. BAUTISTA CONST. & SUPPLY CORP.,CONRADO B. BAUTISTA
DAHL CONSTRUCTION CORP.,HELEN L. DY
B-12 CONSTRUCTION AND TRADING CORPORATION,FRANCISCO R. BALAGTAS
SOLFIO P. JACINTO CONSTRUCTION INC.,SOLFIO P. JACINTO
TM ABAD CONSTRUCTION CORP.,TERESITA M. ABAD
J.H.R. ENTERPRISES,JOSE H. REYES
NICLEDON CONSTRUCTION,DOMINGO T. NICOLAS
E.R. DELA CRUZ CONSTRUCTION & SUPPLY,ERNESTO R. DELA CRUZ
R2A CONSTRUCTION & TRADING CORPORATION,RICARDO A. ANGELES
HALREY CONSTRUCTION INC.,REYNALDO P. HALILI
MRRM TRADING & CONSTRUCTION,ROMMEL M. REYES
"JTC CRUZ CONSTRUCTION CO., INC.",JUANITO T. CRUZ
ALLEYWAY CONSTRUCTION,MARK ALLAN C. DAVID
SELPHAR CONSTRUCTION,SELWYN A. PHARDE
N.B. AVILA CONSTRUCTION,NATHANIEL B. AVILA
R.M. VITUG CONSTRUCTION,RENATO M. VITUG
OMICRON CONSTRUCTION,ALVIN S. IGNACIO
KAEE CONSTRUCTION SERVICES,ARTHUR A. ESPIRITU
ARROW CONSTRUCTION,RICARDO T. CHOA
PENTAGON INDUSTRIAL DEVELOPMENT & CONSTRUCTION CO.,ALVIN A. AGUSTIN
"747 BUILDERS & TRADERS,INC.",RAQUEL S. CHUA
EL KAPITAN CONSTRUCTION SERVICES,ELIZARDO M. FAJARDO
JPB CONSTRUCTION,JESSIE P. BOGNOT
DRJY CONSTRUCTION,DANILO R. J. YUSI
DOUBLE 12 CONSTRUCTION & SUPPLY,REYNALDO L. CARPIO
RADIANCE TRADERS & BUILDERS,RACHEL ANN M. DELA CRUZ
GRACE CONSTRUCTION CORPORATION,JESUS L. CARLOS
"ITP CONSTRUCTION, INC.",ISAGANI T. PENA
BOLTRON BUILDERS CORPORATION,RODRIGO G. KO
MARKBILT CONSTRUCTION TRADING & DEVELOPMENT CORP.,MARK ANTHONY O. LAYUG
BLACK HARDHAT INC.,Roldan P. Adorador
AS MACHA CONSTRUCTION AND TRADING,Alfredo S. Macha
D.B. BARAQUIEL CONSTRUCTION,Danilo B. Baraquiel
RDBT CONSTRUCTION CORP.,Raquel D.B. Tuazon
C.B. GARAY PHILWIDE BUILDERS,Conrado B. Garay
"C.E.M. CONSTRUCTION, INC.",Cesar E. Matriano
JAM-C BUILDERS,Jesus M. Cruz
BIG BEN CONSTRUCTION,Benjamin C. Liong
GASAT BUILDERS AND SUPPLIES INC.,George S.A. To
R.D. POLICARPIO & COMPANY INC.,Ricardo D. Policarpio
DMDANAN CONSTRUCTION AND TRADING,Dennis M. Danan
JBI CONSTRUCTION,Jesusito B. Inocando
"TOKWING CONSTRUCTION, CORP.",William T. Tiu
JEK TRADING AND CONSTRUCTION,Jessie E. Kaw
GCLT CONSTRUCTION INCORPORATED,George C.L. Teng
LAP GLOBAL CONSTRUCTION CORPORATION,Leo A. Palma
MJBZ BUILDERS AND TRADING,Maria Jennifer B. Zamora
R.D. SADSAD CONSTRUCTION & TRADING,Roberto D. Sadsad
SIX SILVERS CONSTRUCTION AND DEVELOPMENT CORP,Rodelio D. Silverio
3-SIDES BUILDERS & TRADING CORP.,Leandro V. Santiago
I.F. CLEMENTE CONSTRUCTION CORPORATION,Isagani F. Clemente
"E.M. CUERPO, INC.",Emerito M. Cuerpo
ROSSLANCE CONSTRUCTION AND DEVELOPMENT,Lance E. Vargas
C.L. MORALES CONSTRUCTION AND TRADING,Christopher L. Morales
CEDAR CONSTRUCTION,Celedonio A. Dacumos
SUPREME BUILDERS CONSTRUCTION AND TRADING,Alvin T. Yu
CMDV CONSTRUCTION,Crisanto M. De Vera
RGZAMORA CONSTRUCTION AND TRADING,Ronald G. Zamora
GEOHEART CONSTRUCTION & TRADING,"Jorge C. Hernandez, Jr."
PAN AQUARIUS CONSTRUCTION AND DEVELOPMENT CORPORATION,Roselle L. De Leon
L.S.D. CONSTRUCTION & SUPPLIES,Leonardo S. Dinglasan
ROCKSTEEL CONSTRUCTION AND DEV'T CORPORATION,Erwin P. Mendoza
D.T. TIZON CONSTRUCTION AND TRADING,Domingo T. Tizon
WRO CONST. CORP.,Wilfredo R. Olandria
RD5 CONSTRUCTION,Rodolfo D. Dionisio
ALL EML CONSTRUCTION CORPORATION,Mario M. Limsiaco
EIGHT KIDS CONSTRUCTION AND TRADING,Mary Ann C. Sy
"D.C. SANDIL CONSTRUCTION AND REALTY DEVELOPMENT, I",Diosdado C. Sandil
NEZIAH BUILDERS AND TRADING CORP.,Noemi D. Carvajal
QUANTUMWAYS BUILDERS ROAD CONSTRUCTION,Joselito L. Abarquez
GDL CONSTRUCTION,Geraldine D. Lim
RCUBE ENGINEERING SERVICES,Ronald R. Roque
SPYS BUILDERS CORP.,Shao Ping Yu-Santos
LARSEN-DUTCHER CONSTRACTOR CORPORATION,Not found
ZF CONSTRUCTION,Zaldy L. Fernandez
TIONGCO MENDOZA CONSTRUCTION CO. INC.,Emmanuel J. Tiongco
VF CONSTRUCTION,Virgilio O. Fajardo
M.C. GERONIMO CONSTRUCTION AND TRADING,Marcelino C. Geronimo
P.V.B. CONSTRUCTION AND DEVELOPMENT CORP.,Primo V. Beltran
5-1 CONSTRUCTION CORPORATION,Allan Christopher C. Ang
DOUBLE Z CONSTRUCTION AND SUPPLY,Zaldy T. Zamora
CHRISTIAN IAN CONSTRUCTION CORPORATION,Ian Dave C. Yabut
ORACLE CONCRETE AND CONSTRUCTION CORP.,Orlando T. Mata
TDC II PRO BUILDERS,Teresita de Guzman Catacutan
S.A. PLEYTO CONSTRUCTION CORPORATION,Salvador A. Pleyto
RA3N CONSTRUCTION AND SUPPLY,Ryan N. Nono
R.R. ENCABO CONSTRUCTORS INCORPORATED,Reynaldo R. Encabo
LOUREL DEVELOPMENT CORPORATION,Lourdes R. Relova
TARLAC 3-G CONSTRUCTION & DEVELOPMENT CORPORATION,Gilbert G. Go
JVN CONSTRUCTION AND TRADING,Jonathan V. Navarro
R.N.G.M. CONSTRUCTION CORPORATION,Rizaldy G. Manuel
"R-II BUILDERS, INC.",Reynaldo B. Faylona
3AMR CONSTRUCTION SERVICES INC.,Amador A. Rivera
HGG BUILDERS & SUPPLY,Hernando G. Guevarra
ULIRAN CONSTRUCTION SERVICES,Mark Gil A. Gayeta
NULAS BUILDERS,Nelson C. Nulas
P.C. PANOPIO CONSTRUCTION AND TRADING,Patrick C. Panopio
GENUINE BUILDERS,Geraldine C. Go
VERET CONSTRUCTION,Vernon H. Tang
SPIDERONE CONSTRUCTION COMPANY LTD.,Joel S. Estay
JOHN DEE B. BUSTAMANTE CONSTRUCTION,John Dee B. Bustamante
"STAR PRIME PROPERTY DEVELOPERS, INC.",Arnel V. Ignacio
STARDON CONSTRUCTION AND TRADING,Stanley Donato S. Sio
EDCELCON CONSTRUCTION INC.,Edwin C. Liwag
R.Z. TIGAS CONSTRUCTION AND TRADING,Ryan Z. Tigas
B.P. CRUZ BUILDERS AND TRADING,Bernardino P. Cruz
N.M.D. CONSTRUCTION & TRADING,Nestor M. Diaz
ARCONIC INC.,Not found
F.R. MAPILISAN CONSTRUCTION,Felipe R. Mapilisan
A.R. CASTILLO CONSTRUCTION ENTERPRISES,Alma R. Castillo
ALFEL CONSTRUCTION CORPORATION,Alfredo T. Lim
NIVIN DEVELOPMENT CONSTRUCTION CORP.,Lilian R. Nivera
CS GONZALES CONSTRUCTION AND SUPPLY,Charlemagne S. Gonzales
MBDIWA CONSTRUCTION AND SUPPLY,Mark Bryan G. Diwa
E.D. LIBUNAO CONSTRUCTION & TRADING,Ernesto D. Libunao
LATO BUILDERS,Larry T. Ocampo
830 BUILDERS & DEVELOPERS CORP.,Reynaldo R. Alberto
EOZ CONSTRUCTION,Edgardo O. Zaragoza
ALMAKAR BUILDERS & METAL WORKS,Alexander M. Karganilla
GRAIA CONSTRUCTION CORPORATION,Aileen Grace A. Uy
OMNICON BUILDERS,Jose Oscar D. Orbos
"A.M. ORETA & CO., INC.",Antolin M. Oreta III
"VICMAR CONSTRUCTION, INC.","Victor A. Manjares, Jr."
BHENLLABIEN BUILDERS CORPORATION,"Benjamin M. Labayen, Jr."
L.P.O. ENTERPRISES,Lilian P. Orito
MOTIONTRADE DEVELOPMENT CORPORATION,Jayson L. Lopez
FRANDEL CONSTRUCTION AND DEVELOPMENT CORP.,Francisco G. dela Cruz
V.R. PATRON BUILDERS & DEVELOPERS CORP. (PREVIOUSL,Veronica R. Patron
MEGA M BUILDERS CORPORATION,Melinda R. Malabanan
TRISTAN TEJADA CONSTRUCTION,Tristan L. Tejada
R.K.F. BUILDERS,RODEL K. FABIAN
RAM BUILDERS,RICARDO A. MARQUEZ
DELPAR CONSTRUCTION & SUPPLIES,MARIA CORAZON T. DELA PAZ
AARCON BUILDERS,AMADOR A. REYES
MAR-VEL CONSTRUCTION & SUPPLY,MARVIN T. VELASCO
FROMARC BUILDERS & GEN. MERCHANDISE,FROILAN M. ARCILLA
SUPREME ABF CONST. & CONST. SUPPLY COMPANY INC.,ANGELITO B. FADRILAN
DANRICH BUILDERS CORPORATION,DANIEL C. MALIBIRAN
CMMJ CONSTRUCTION,CRISANTO M. MENDOZA JR.
1C4M BUILDERS INC.,CARLOS M. MORAL
LAICAN ENTERPRISES INC.,MICHAEL M. CANILAO
HONY TRADING & CONSTRUCTION,HONEYLETT C. LIM
BSKP CONSTRUCTION,BRYAN KEVIN S. PANGILINAN
11 DIAMOND EAGLE CONSTRUCTION CORPORATION,ELMER R. ESPIRITU
PRIME PACIFIC MARINE & INDUSTRIAL SERVICES CORP.,JOSEFINO C. PAYNOR
PROTECH CONSTRUCTION & DEVELOPMENT CORP.,JOSELITO T. YABUT
N.T. SOTELO CONSTRUCTION AND SUPPLY CORPORATION,NORBERTO T. SOTELO
MEL JEAN CONSTRUCTION CORPORATION,MELVIN S. YACO
PRIME MOVER'S PHILS. CONSTRUCTION AND SUPPLIES INC.,RAUL D. BACALZO
VFL BUILDERS,VENUS F. LALUCES
ADAD ENGINEERING SERVICES & SUPPLY,ARTHUR P. ADAD
HAWK KEY CONSTRUCTION AND GENERAL MERCHANDISE CORPORATION,FRANCISCO O. LUSOC
NDA BUILDERS AND DEVELOPERS,NESTOR D. ASUNCION
MICLOVER GENERAL CONSTRUCTION & IRON WORKS,MICHAEL C. TUDIO
DQT BUILDERS CORPORATION,DIOSDADO Q. TUAZON
D.T. RECIO INCORPORATED,DIOSDADO T. RECIO
N.D.M. SANCHEZ BUILDERS & DEVELOPMENT CORPORATION,NOEL D.M. SANCHEZ
DATZLAV CONSTRUCTION,DATU ZALDY U. AMPATUAN
WAYCON BUILDERS AND CONSTRUCTION SUPPLY CORP.,WEHNARD A. YABUT
ROMHEAD S.J. BUILDERS AND DEVELOPMENT INCORPORATED.,RODOLFO M. SAN JUAN
RAPID FOREMOST CONST. CO.,ANTONIO N. BALDEO
GKB BUILDERS,GREGORIO K. BALLESTEROS
C. VILLASEÑOR JR. CONSTRUCTION,CELSO C. VILLASEÑOR JR.
ALBANO CONSTRUCTION AND TRADING,GERALD G. ALBANO
MURIELEVEN BUILDERS AND CONSTRUCTION SUPPLY CORP.,JEFFREY C. CASTRO
OLIVER AQUINO CONSTRUCTION,OLIVER P. AQUINO
MATRICS CONSTRUCTION,MA. TRICIA S. CANLAS
REVERE CONSTRUCTION & SUPPLY CORPORATION,ERLINDA R. YABUT
EFREN RAMIREZ CONSTRUCTION AND GENERAL SERVICES CORPORATION,EFREN R. RAMIREZ
FE S. REYES GENERAL CONTRACTOR CORP.,FE S. REYES
JOBEL ENTERPRISES,JOCELYN B. LEE
AKSUM CONTRACTING CORPORATION,AIDA LOURDES S. REYES
KEASCIA CONSTRUCTION & SUPPLY,CESAR N. QUINTO
R.T.Y. CONSTRUCTION,REYNALDO T. YABUT
ISHIZAKI CONSTRUCTION & DEVELOPMENT CORPORATION,EDGARDO M. NAVARRO
C.F. TRINIDAD CONSTRUCTION AND SUPPLIES CORP.,CORNELIO F. TRINIDAD
MEGAJES CONSTRUCTION CORP.,JESSIE G. LADRINGAN
MARTIN BUILDERS INC.,ROMEO D. MARTIN
D.L CERVANTES CONSTRUCTION CORPORATION,DANILO L. CERVANTES
TRIPLE EAGLE CONSTRUCTION AND TRADING,JOSEPH T. GO
LIBRIUS CONSTRUCTION & SUPPLY CORPORATION,GREGORIO L. DICHOSO
JEMAK CONSTRUCTION & SUPPLY,JESSIE M. KIMPAY
M.T. MALIUANAG CONSTRUCTION SERVICES,MARIO T. MALIUANAG
OIC CONZTRUCT AND SUPPLY CORPORATION,OSCAR I. CERVAS
R.A. MENDIOLA CONSTRUCTION & DEVELOPER,RONNEL A. MENDIOLA
MAK-JAMS CONSTRUCTION,JAMIL S. MAMA
T.E. TRINIDAD CONSTRUCTION,TEOFILO E. TRINIDAD
KLDS TRADING & CONSTRUCTION,KEVIN LOUIE D. SY
JUNTEREAL INDUSTRIAL AND DEVELOPMENT CORPORATION,EDWIN C. JUNTEREAL
GREENFIELD CONSTRUCTION,PEDRO C. TAN
FILCAN UNITED CONSTRUCTION & GENERAL MERCHANDISE CORP.,"ROBERTO P. CRUZ, JR."
TERAVERA CORPORATION,JOHN PAUL V. RAMIREZ
TOP KMC CONSTRUCTION AND SUPPLY CORP.,KEVIN MARK C. TAN
JELCON-CONSTRUCTION AND TRADING CORPORATION,EDWIN C. LIM
SANDBANK CONSTRUCTION CORP.,DANILO M. MALIWAT
JAICA CONST. CORP,JAIME A. ICASIANO
ORA ET LABORA CONSTRUCTION INC,JOSEPH TAN
"E. F. CHUA CONSTRUCTION, INC.",EFREN F. CHUA
RGB CONSTRUCTION,ROBERTO G. BORJA
I&E CONSTRUCTION CORPORATION,ISAAC S. IMPERIAL
FOURTH GENERATION T CONSTRUCTION,ARTHUR L. TEE
FRANZCOR TRADING & CONSTRUCTION,FRANCISCO V. CORTEZ
EL-JAKE BUILDERS,ELPIDIO L. JAMORA JR.
515 LIFE CONSTRUCTION CORP.,MARIA THERESA C. LIM
BICOL GOLDROCK CONSTRUCTION CORPORATION,ROMEO T. DOLOT
I.A . BOSQUE CONSTRUCTION CORPORATION,IMELDA A. BOSQUE
JEBRON BUILDERS DEVELOPMENT CORPORATION,RONALDO L. JEPOLLO
DZEE BUILDERS AND CONSTRUCTION SUPPLY,DIONISIO A. ZARAGOZA
MSV CONSTRUCTION AND SUPPLIES,MARCELO S. VILLACORTE
VAN MAKJAY CONSTRUCTION,VANESSA MAE JAY C. ALABA
LLEB CONSTRUCTION AND TRADING,BELLE L. LIM
STREAMLINE BUILDERS CORPORATION,HERMINIO R. OCAMPO
LUCKY EIGHTY-THREE CONSTRUCTION AND SUPPLY,DANIEL T. TAN
STRUKTURA TEKNIKA SERVICES CO.,EDWIN M. CARINGAL
ECOSENSE CONSTRUCTION,REYNALDO S. CASTILLO
BOMEL CONSTRUCTION,BONIFACIO M. ELAGO
R.V. RIETA TRADING & GENERAL CONSTRUCTION,REY V. RIETA
MORTAR MASTERS & CONCRETE BUILDERS,RAMON M. MENDOZA
DL ENTERPRISES,DANILO L. LAZO
TCSC CORP.,ALDEN FRANCIS C. GONZALES
MONTADEL ENTERPRISES,MONINA B. DELA CRUZ
LTDL BUILDERS,LYDIA T. DE LEON
SOLID PILE CONSTRUCTION,Not found
JUNMICMARC CONSTRUCTION,MARCIAL M. CRUZ
JSAM CONSTRUCTION,JOSEPHINE S. A. MAGTOTO
22 PRIME CONSTRUCTION AND REALTY DEVELOPMENT INC.,HERMINIO R. OCAMPO
TUCHAR CONSTRUCTION CORP.,ANTONIO L. TURALBA JR.
H FRANCISCO CONSTRUCTION AND SUPPLY,HECTOR M. FRANCISCO
FLAG CONSTRUCTION CORPORATION,Not found
SUPPLICON BUILDERS,ALEXANDER G. LACSON
JOAN AND JOHN CONSTRUCTION AND TRADING,Ma. Joan P. Magpantay
JA.VI CONSTRUCTION,Vivian A. Arradaza
TONIJON CONSTRUCTION AND DEVELOPMENT INC.,Jon Jon P. Santos
MAC BUILDERS CIVIL ENGINEERING CONSTRUCTION,Manolo A. Corpuz
W. GOMEZ TRADING AND CONSTRUCTION,William M. Gomez
JASMIG CONSTRUCTION CORPORATION,Jaime M. Cruz
T. REYES CONSTRUCTION,Tomas T. Reyes
ISOBEL CONCRETE CONSTRUCTOR CORPORATION,Emmanuel G. Herbosa
TONWAY BUILDERS AND SUPPLY,Antonio M. Wayang
WRC CONSTRUCTION AND GENERAL MERCHANDISE,Wilfredo R. Calinao
816 EMBER CONSTRUCTION CORPORATION,Edmund B. Regis
TWO DEGREES CONSTRUCTION AND SUPPLY,Doreen P. Catacutan
J.S. GENERAL CONTRACTOR,Jaime C. Salazar
R.B. ABITAL CONSTRUCTION CORP.,Romel B. Abital
J.A.B. CONSTRUCTION,Jose A. Bacolcol
JAM KONSTRUCT CONSTRUCTION AND DEVELOPMENT INC.,Not found
RICH ADS CONSTRUCTION CORP.,Richard A. Sanchez
KENSAL RISE CONSTRUCTION,Romulo T. Agatep Jr.
J.V. SARIGNAYA CONSTRUCTION CORPORATION,John Vincent G. Sarignaya
BCVILLASENOR CONSTRUCTION,Bernardo C. Villasenor
ULTIMOS CONSTRUCTION CORP.,Not found
PISTOL CONSTRUCTION AND SUPPLY,Romeo L. Estole
REND ENTERPRISES & GENERAL CONTRACTOR,Reinhold M. De la Cruz
"MARCBILT CONSTRUCTION, INC.",Mario G. Cruel
DJSEVILLA CONSOLIDATED BUILDERS CORPORATION,Not found
BERTO LUCCI BUILDERS & SUPPLY,Roberto L. Tan
WYDERWAYS BUILDERS AND SUPPLIES,Jocelyn M. Magday
RED TREE CONSTRUCTION,Jay-ar G. Odoño
MM SENAR CONSTRUCTION AND SUPPLY,Mary May S. Senar
KAEL CONSTRUCTION AND SUPPLY,Mikael V. Alejo
MAGNA RICH TRADING & CONSTRUCTION,Richard T. Lee
"PHESCO, INCORPORATED",Benjamin F. Cruz
"C.S. RAYOS CONSTRUCTION & GENERAL SERVICES, INC.",Cielito S. Rayos
FREPA BUILDER AND CONSTRUCTION SUPPLY,Freddie P. Alquiros
BAQPRINCE CONSTRUCTION AND TRADING CORP.,Not found
L. EUSEBIO ACE DEVELOPMENT CORPORATION,Not found
HONEYVILLECONST AND DEVELOPMENT CORPORATION,Herbert V. Chu
ANROL CONSTRUCTION,Rolando C. Ang
"B. BERNARDO CONST., INC.",Bayani F. Bernardo
JG NORA BUILDERS,Jannette G. Nora
WERR CORPORATION INTERNATIONAL,Ramon G. J. Rius
PRIME GIGABUILD CONSTRUCTION CORP.,Not found
G. ANORE CONSTRUCTION,Gregorio D. Anore
R.S. MESA CONSTRUCTION CORPORATION,Not found
S.B. SORIANO CONSTRUCTION,Silvestre B. Soriano Jr.
E.R. RODRIGUEZ CONSTRUCTION CORPORATION,Not found
RUSMEN BUILDERS & DEVELOPMENT CORPORATION,Not found
X.Y.Z. CONSTRUCTION & SUPPLIES,Zandro C. Reyes
AD PINEDA CONSTRUCTION,Arnel D. Pineda
C.S. RAMOS CONSTRUCTION,Cecilio S. Ramos
GLJ CONSTRUCTION,Garry L. Javaluyas
RUSLIN CONSTRUCTION,Ruslin R. Relox
JORENZ BUILDERS DEVELOPMENT CORP.,Lorenzo C. Ching
GAWANATO CONSTRUCTION CORPORATION,Gil S. Gawanato
M.C. LAYGO BUILDERS,Mario C. Laygo
DUKHEA CONSTRUCTION,Danilo U. Khee
DJL ROBLES BUILDERS,David John L. Robles
CAVDEAL-CAVITE IDEAL INT'L. CONST. & DEV'T. CORP.,Cesar E. Casal
ARDA CONSTRUCTION AND SUPPLY,Arlene R. Daquiz
PEARLCAST CONSTRUCTION & TRADING,Pearl Angeline L. Castañeda
"W. RIVERA CONST. AND EQUIPT. RENTALS, INC.",Wilfredo S. Rivera
QUATRIX CONSTRUCTION AND SUPPLY INC.,Raymund M. Del Rosario
KING EIGHT BUILDERS AND SUPPLY,King Bernard L. Tacag
IKM BUILDERS AND CONSTRUCTION SUPPLY CORPORATION,Inocencio K. Medel
T. SOLOMON CONSTRUCTION AND DEVELOPMENT CORPORATIO,Timothy P. Solomon
JOMZKI CONSTRUCTION AND SUPPLY,Jomar P. Manalo
L.L. MARRON CONSTRUCTION & TRADING,Leo L. Marron
JCML BUILDERS,Jocelyn C.M. Lim
M.J. APIN BUILDERS,Michael J. Apin
R.C. SIMON CONSTRUCTION,Rodel C. Simon
ABLB CONSTRUCTION SERVICES,"Armando B. Lipata, Jr."
A.I.A. CONSTRUCTION,Adrian I. Alandy
P-SQUARE CONTRACTING & SERVICES,"Paquito P. Pasion, Jr."
CEFF TRADING & ENGINEERING SERVICES,"Ceferino E. Flores, Jr."
JUWAWI CORPORATION,Wilson S. Wy
KRATOS STRUCPRIME CONSTRUCTION AND SUPPLY CORP,Rodelio L. Palma
"SUNWEST, INC.",Elizaldy S. Co
MINDALIFI CONSTRUCTION AND SUPPLY,Michael N. Dalifi
L.N. SALVADOR CONSTRUCTION CORP.,Leonilo N. Salvador
SCATR CONSTRUCTION,Sherwin-Carl A. Trono
R NARRAZID TRADING AND CONSTRUCTION,Raihana N. Arrazid
LUMEL GLENN CONSTRUCTION,Lumel Glenn D.C. Gacutan
ALBERTO UY CONSTRUCTION & DEVELOPMENT,Alberto C. Uy
M.G.M. CONSTRUCTION,Miguel G. Magallanes
MARCING CONSTRUCTION SERVICES,Marcela G. Nipay
YURICH BUILDERS AND CONSTRUCTION SUPPLY INC.,Yuri H. Sales
F.F. GALANG CONSTRUCTION,Filipina F. Galang
GOLDEN J'S CONSTRUCTION SERVICES,Judith D. Jundos
G.T.J. CONSTRUCTION,Gerardo T. Jimenez
R.G. FLORENTINO CONST. & TRADING INC.,Rommel G. Florentino
AR LUSTRE CONSTRUCTION CORPORATION,Angelito R. Lustre
F.A. TORRES CONSTRUCTION,Fernando A. Torres
STX ENTERPRISES,"Sylvestre T. Exconde, Jr."
REINASTAR TRADING AND CONSTRUCTION SUPPLY,Rena Mae R. Gabuya
TWENTY SIXTEEN CONSTRUCTION AND GENERAL MERCHANDISE,Janice C. Lim
SEVEN DIGIT CONSTRUCTION AND TRUCKING SERVICES CORP.,Elvira T. Tang
ATHENA CONSTRUCTION AND DEVELOPMENT,Athena A. Magpantay
RDF TRADING AND CONSTRUCTION,Roger D. Frias
L&M RODRIGUEZ CONSTRUCTION AND TRADING INC.,Mark Lester S. Rodriguez
JRMX CONSTRUCTION & GENERAL MERCHANDISE,Jerameel R. Magsino
ALMRIN BUILDERS CORPORATION,LUCIA L. MARASIGAN
SIXTEEN ENTERPRISES-CALAPAN BRANCH,ALDRIN L. REYES
EMQ DESIGN & CONSTRUCTION,ENRICO M. QUILATES
BANAYAD CONSTRUCTION SERVICES,MA. CHONA R. BANAYAD
D.M. MALIWANAG BUILDERS AND ENTERPRISES,DAVID MENDOZA MALIWANAG
MAINTIN CONSTRUCTION & SUPPLY,RONELO G. MAINTIN
JIIK CONSTRUCTION SERVICES,JEFFERSON M. KASILAG
TAGUSAO CONSTRUCTION & TRADING INC.,JOHN IRVIN P. TAGUSAO
KEJAMARENIK CONSTRUCTION & CONSTRUCTION SUPPLIES,MARIA CECILIA S. MANALO
OCTAGON CONCRETE SOLUTIONS INC.,JOHN VINCENT G. ONG
MAC BUILDERS CORP.,ARMANDO C. MACALALAD
"NEW MINDORENOS LUMBER, HARDWARE AND GEN MERCHANDISE",HERMINIA L. ASILO
ROLCO CONSTRUCTION & DEVELOPMENT CORPORATION,ROMULO L. CO
ALPHA VECTOR CONSTRUCTION AND SUPPLY,MARK JEFFERSON R. ABANTE
RITCHE-NATHALIE DEVELOPMENT CORPORATION,ALEX M. FANER
SQUARE CUBE CONSTRUCTION,REYNALDO S. LINGON
"SIM CONSTRUCTION, TRADING AND SERVICES",MA. THERESA L. SIM
RAYMAN BUILDERS INC.,RAYMUNDO C. MANALO
BLACER CONSTRUCTION CORP.,BERNARDITA L. ACERON
DIANE CONSTRUCTION & ENTERPRISES,DIANA L. HERNANDEZ
MADSAM ENTERPRISES,MADEL S. SAMARITA
L. B. LEONCIO TRADING AND CONSTRUCTION CORPORATION,LARRY B. LEONCIO
ONE HUNDRED PERCENT CONSTRUCTION AND DEVELOPMENT CORPORATION,RENATO C. LINGON
MACASAET BUILDERS AND TRADING,ELMER G. MACASAET
AZARRAGA CONSTRUCTION,MELCHOR F. AZARRAGA JR.
PANAAD CONSTRUCTION,JAYSON B. BALMES
HARDROCKPLATINUM DEVELOPMENT CORPORATION,AMOR S. ILAGAN
T.N.G. CONSTRUCTION CORPORATION,TEODORO N. GAYAP
SAMARAH CONSTRUCTION AND SUPPLY,JAHARAH S. TAWASIL
MLR SOLID CONSTRUCTION AND DEVELOPMENT CORPORATION,MARCIAL L. REYES
LOUIESE TRADING AND CONSTRUCTION,JOSEFINA C. PESTAÑO
MAMA'S BOY CONSTRUCTION,"HERMINIO O. ORTEGA, JR."
D. DOLOR CONSTRUCTION,DIOSDADO G. DOLOR
G. BANZ BUILDERS CORP.,GERARDO S. BANZON
E E CONSTRUCTION,ERWIN C. EVANGELISTA
KGB ENGINEERING AND CONSTRUCTION,KRISTOFFER G. BALMES
E.S.L. BUILDERS & PARTS SUPPLY,EFREN S. LINGON
"CUTTING EDGE BUILDERS AND TRADING, INC.",MICHAEL JOHN S. MANALO
KINGSROAD CONSTRUCTION,RONNEL D. REYES
ETVR TRADING & CONSTRUCTION,ELMER T. REYES
MARTINEZ ENTERPRISES,MARLON L. MARTINEZ
SOSEP BUILDERS,JOHN PAOLO S. PEREZ
MIGHTY DRAGON BUILDERS INC.,LAWRENCE L. LARRACAS
FAAA CONSTRUCTION AND TRADING,FRANCISCO A. ARELLANO
D.K. JOCSON CONSTRUCTION,DEXTER K. JOCSON
JELSIE CONSTRUCTION & SUPPLY,JELSIE P. SULIT
MAG KONSTRUCTION & SUPPLY INC.,MANOLO A. GIRON
"MONOLITHIC CONSTRUCTION & CONCRETE PRODUCTS, INC.",MANUEL A. MENDOZA
JEDIDIAH CONSTRUCTION,DULCE D. ALDEA
JARO BUILDERS & CONSTRUCTION SUPPLY,ROLANDO P. JARO
R.S. TAGALA CONSTRUCTION AND EQUIPMENT RENTALS,Rizalyn S. Tagala
SAMURAI CONSTRUCTION,Wilfredo B. Tanjutco
J.D. LEGASPI CONSTRUCTION,Jesus D. Legaspi
ZUIDEN BUILDERS INC.,Noel C. Laman
EIGHT J'S CONSTRUCTION SERVICES,Jessica A. Jardiniano
G.C.I. CONSTRUCTION AND DEV'T. CORP.,German C. Ilagan
ACIER & BETON CONSTRUCTION,John Peter B. Ruivivar
PROTOSTAR CONSTRUCTION,Arlene C. Chu
MACROPRIME BUILDERS CORPORATION,"Enrique D. Salumbides, Jr."
FGO CONSTRUCTION,Felix G. Ople
"SAN MARCELINO BUILDERS, INC.",Jaime S. Edaño
12-30 CONSTRUCTION AND SUPPLY,Edgar P. Doña
TABLAS MEGA CONSTRUCTION,Joel F. Fetalino
M.C. ESCALA CONSTRUCTION AND SUPPLY,Michael C. Escala
MICKU ROBIN CONSTRUCTION,Michael Robert T. Cardenas
PTK GROUP INC.,Peter T. Kho
SMMILEY BUILDERS AND TRADING,Marivic S. Manalansan
R.M.A.J. CONSTRUCTION,Roberto M. A. Jaro
KPSL GENERAL CONTRACTOR INC.,Kirk Patrick S. Lim
R N V CONSTRUCTION,Ronnel N. Vinluan
SANLAHI GROUP OF BUILDERS INC.,Emmanuel A. Alandy
K CONSTRUCTION & DEVELOPERS CORPORATION,Keith T. Guban
MEGA TAM SUMMIT INCORPORATED,Tammie Y. Tanchay
SARGASSO CONSTRUCTION & DEVELOPMENT CORP.,Angelito V. Sarmiento
CMSEL CONSTRUCTION & DEVELOPER,Christopher S. Lleses
APRIL ROSE ENT. & BUILDERS,April Rose C. Abella
YURUSA CONSTRUCTION & DEVELOPMENT CORP.,Jose D. Yulo III
ASHLEYKA CONSTRUCTION AND SUPPLIES,Editha D. Abella
HEAZ CONSTRUCTION,Hilario E. Azucena
IVY MICHELLE CONSTRUCTION AND TRADING INC.,Edelberto D. Caharian
AFG CONSTRUCTION CORPORATION,Antonio F. Gatuslao
JCL86 BUILDERS INC.,John Christian C. Lee
D.M. ALMERO ENTERPRISES,Domingo M. Almero
DD ROSAL CONSTRUCTION,Danilo D. Rosal
ROTAFLEX CONSTRUCTION AND DEVELOPMENT CORP.,Ricardo O. Ty
F A M E CONSTRUCTION TRADING,"Felix A. Mañosca, Jr."
ULTIMATE BUILDER'S & CONST. SUPPLY,Jocelyn M. Chua
KURDZ CONSTRUCTION,Ricardo D. Ku
PALBIC CONSTRUCTION AND SUPPLY,Paul B. Icamen
N. SALES CONSTRUCTION,Nolan S. Sales
FFJJ CONSTRUCTION,Ronie M. Manalo
HI-TONE CONSTRUCTION & DEVELOPMENT CORP.,Robert T. Licup
"ORIENT STAR CONSTRUCTION, INC.",Anthony T. Quiambao
KING'S BUILDERS & DEVELOPMENT CORPORATION,Rodrigo L. Ko
TRIPLE JOHNES Q. CONSTRUCTION,Jhunnel Q. Quinto
JEFF ENTERPRISES,Jeffrey C. Dy
"ANNCORP BUILDERS, INC.",Anson V. Ong
MT. GUITING-GUITING CONSTRUCTION,Fernando R. Robiso
MARC JILL CONSTRUCTION,Marvin M. Jill
RPE CONSTRUCTION,Ramon P. Ereneta
ANDREM CONSTRUCTION SERVICE,Andres M. Tabor
ANSAVILLA CONSTRUCTION AND DEVELOPMENT CORPORATION,Anthony V. Sotto
J.A. BUILDERS AND SUPPLY,Jaime A. Tablizo
JBERNARDO CONSTRUCTION AND SUPPLY,Joselito V. Bernardo
JUAN ANTONIO CONSTRUCTION,Juan Antonio P. Carpio
AIDFELART CONST. CORP.,Arturo R. Flores
GREEN ISLAND ENTERPRISES,Rowena P. Tan
A.P. CONSEBIDO CONSTRUCTION AND TRADING,Allan P. Consebido
DAYBREAK ENTERPRISES - ENGINEERING & CONSTRUCTION,Domingo L. Devera Jr.
RAMARPLUS INCORPORATED,Ramon R. Abello
A3 CONSTRUCTION & SUPPLY,Armando A. Amores
EJ CANTORIA CONSTRUCTION & SUPPLY,Edgardo J. Cantoria
NEXT GENERATION CONSTRUCTION AND SUPPLY CORPORATION,Rommel G. Lustre
3R3M CONSTRUCTION AND SUPPLY CORPORATION,Marvin M. Malonzo
"SANRHO BUILDERS, INC.",Rhoderick A. Sese
3DIAMONDS CONSTRUCTION CORPORATION,Regina C. Angeles
ALRO CONSTRUCTION & DEVELOPMENT CORP.,Alex R. Ong
RICHMAR CONSTRUCTION,Maria Richelda T. Tiengo
CAJUGOTAN BUILDERS AND DEVELOPMENT CORP.,Joey S. Cajugotan
JORMAND CONSTRUCTION & SUPPLY,Jorge C. Mandapat
SISBRO CONSTRUCTION CORPORATION,Edgardo C. Siapno
TR CONSTRUCTION CORPORATION,Teodoro R. Relleve
HKP CONSTRUCTION AND SUPPLY,Honeylette Kristine P. Pascual
SPRING STAR CONSTRUCTION AND SUPPLY,Maria Cherry S. Estrada
AREMAR CONSTRUCTION CORPORATION,Arturo R. Mariano
128 DRAGON CONSTRUCTION AND SUPPLIES,Ryan L. Sioco
PARTIDO CONSTRUCTION & SUPPLY,Edsel D. Pan
SJMC CONSTRUCTION SERVICES,Severino Joson M. Cruz
ARIK CONSTRUCTION,Eric A. Ancheta
MUNTOPAR BUILDERS CORP.,Alexander M. Parafina
CENTERWAYS CONSTRUCTION AND DEVELOPMENT INC.,Mark Lester A. Toribio
8AR CONSTRUCTION AND DEVELOPMENT CORPORATION,Aldrin R. Roldan
BRENTMIN ROOFING ENTERPRISE,Minda A. Valdez
"AJAN JEADA, INC.",Danilo D. Abad
BENJOSH CONSTRUCTION SUPPLY,Benjamin Joshua A. Dela Cruz
MJMS CONSTRUCTION & DEVELOPMENT CORP.,Michael John M. Sangueza
"WCS CONSTRUCTION, INC.",Wilson C. Sia
C.L. CARANDANG ENTERPRISES,Concepcion L. Carandang
"INFRA BUILDERS AND SELLERS, PHILIPPINES",Maria Rowena G. Maniquiz
KENZAI BUILDERS CORPORATION,Kenneth S. Dy
KNJ CONSTRUCTION AND SUPPLY,Kimberly Nicole J. Estocado
"JAEJR ELECTRICAL, CONSTRUCTION & SUPPLY",Jose Arnold E. Javier-Rivera
STEVEN CONSTRUCTION & SUPPLY,Steven L. Chua
JACKNEL CONSTRUCTION,Nelson N. Yabut
OMEGA CONTRACTING AND DEVELOPMENT CORP.,Allan C. Arrojado
MPIRE NINE CONSTRUCTION OPC,Michelle P. Uy
ALXM CONSTRUCTION & DEV'T. CORP.,Alex M. Mejia
MEGA-ANT BUILDERS AND CONSTRUCTION SUPPLIES,Anthony T. Yabut
888RV CONSTRUCTION AND SUPPLIES,Roseller C. Villanueva
QJ CONSTRUCTION,Quintin J. Iano
EUS CONSTRUCTION,EDGARDO U. SARDUAL
3RB CONSTRUCTION & SUPPLY,ROY R. BERNAL
FEDERAL AGGREGATES AND DEVELOPMENT CORP.,"FERNANDO H. TRINIDAD, SR."
AA PAHATI CONSTRUCTION AND SUPPLY,AIDA A. PAHATI
FP5 CONSTRUCTION & DEVELOPMENT CORPORATION,FRANCISCO P. PIMENTEL V
PHILWORKS CONSTRUCTION & SUPPLY,ROSENDO C. ROQUE
VINHAR CONSTRUCTION & MARKETING,VINCENT H. REYES
CHEEREL CONSTRUCTION & SUPPLY,LEONORA C. ROQUE
"DSB CONSTRUCTION & SUPPLY, INC.",DELFIN S. BAUTISTA
GACT ENTERPRISES,GLENDA ANN C. TAN
RAPIDWORKZ CONSTRUCTION & SUPPLY,RYAN CHRISTIAN D.G. OCHOA
GDBS BUILDERS AND ENTERPRISE,GEMMA D. DE LA SERNA
INFINITUM FORTUNE,DEXTER C. TAN
MAKAPA CORPORATION,"PACIFICO F. MAGLALANG, JR."
FS CO BUILDERS AND SUPPLY,FRANKLIN S. CO
ELKANKONSTRAK DEVELOPMENT CORPORATION,ELMER L. KANKONG
E. GARCIA CONSTRUCTION CORP.,EDGARDO C. GARCIA
SHLA CONSTRUCTION AND SUPPLY,SHIELA H. ABELARDO
NQA CONSTRUCTION & SUPPLY,NERILYN Q. ACIDO
KYLA CONSTRUCTION SUPPLY,MARIA CARMELA D. MALIWAT
HI-DENSITY INTERNATIONAL CONSTRUCTION AND DEVELOPMENT INC.,Not found
ALPHA RYDER CONSTRUCTION & SUPPLIES,RYAN T. DELA CRUZ
ALPHARD PRIMECON CONSTRUCTION,ALEJANDRO P. FORBES
MGT BUILDER'S & SUPPLY,MICHAEL G. TAN
R.K.X. ODIAMAR CONSTRUCTION,RICHARD KESTER XERXES A. ODIAMAR
RMH CONSTRUCTION & SUPPLY,REYNALDO M. HIPOLITO
"RCDS CONSTRUCTION & SUPPLY, INC.",RENE C. DIONISIO
RED DIAMOND CONSTRUCTION AND SUPPLY CORPORATION,REYNALDO P. CUDIAMAT
KCS CONSTRUCTION & SUPPLY,KARL CHESTER S. SIY
QDC CONSTRUCTION AND SUPPLY,QUENNIE D. CORTEZ
NFH CONSTRUCTION & SUPPLY,NEIL FRANZ H. HERNANDEZ
JEJAN CONSTRUCTION AND SUPPLY,JANICE C. BAUTISTA
TWINCARE BUILDERS INC.,Not found
417 LP CONSTRUCTION CORPORATION,LEO PUEBLA
SQUARE N CONSTRUCTION & SUPPLY,SHARON G. NOTARIO
CBC CONSTRUCTION & SUPPLY,CELSO B. CRUZ
ALHADRAX CONSTRUCTION AND SUPPLY,DRIXIE L. ALIH
"PEDXING BUILDERS, INC.",PEDRO G. DIZON
GRELIPS CONSTRUCTION & DEVELOPMENT,GREGORIO P. LIPS
"CPR CONSTRUCTION AND SUPPLY, INC.",CANDIDO P. REYES
CARMIG CONSTRUCTION & SUPPLY,CARMELA P. MIGUEL
VERZONTAL INFRASTRUCTURE CORPORATION,JOSELITO O. YABUT
"WELEX CONSTRUCTION, INCORPORATED",WILFREDO E. LEYNES
JCM AMEG BUILDERS CORPORATION,JONATHAN C. MANGIO
WEARR ENTERPRISES & DEVELOPMENT CORP.,WILFREDO E. ARRANZ
A.V. LAYNES TRADING AND CONSTRUCTION,ALEJANDRO V. LAYNES
FULLEROS BOTOX BUILDERS AND DESIGN,RODERICK B. FULLEROS
JIMWELL BUILDERS AND SUPPLIES CORPORATION,JIMMEL L. GUEVARRA
JOHNCB CONSTRUCTION & SUPPLIES,JOHN CHISTOPHER B. BAUTISTA
GREAT WALL ENGINEERING,MARK LUTHER D. CO
ASCON CONSTRUCTION AND SUPPLY,Alexander S. Canto
GOLDEN CONSTRUCTION AND SUPPLY,Serafin B. Solidarios
"AL-JON CONSTRUCTION DEVELOPMENT, INC.",Alex J. Ledesma
ROCA BLANCA CONSTRUCTION,Elbert V. Jalop
EURO CONSTRUCTION AND SUPPLY,Ramonito T. Espinosa
TNB BUILDERS,Teodoro N. Besana
E.A. SANCHO CONST. INC.,Edgar Allan A. Sancho
NVR CONSTRUCTION,Nestor V. Rivera
ALNINO CONSTRUCTION & SUPPLY CORPORATION,Al N. Fruto
YAKAL CONSTRUCTION,John Lorenz R. Jamero
R. RELATO CONSTRUCTION,Rodrigo D. Relato
JASMIN CONSTRUCTION,Jasmin L. Odicta
EBARAM GENERAL CONSTRUCTION & SUPPLY,Marbe B. Eramis
SISAM CONSTRUCTION & SUPPLIES,Ma. Socorro R. Masis
PROTERRE CONSTRUCTION,Jovanie P. Celis
PEU CONSTRUCTION AND SUPPLY,Peter Ernest U. Ureta
EMSYM CONSTRUCTION CORP.,Erna S. Sy
L BROS CONSTRUCTION AND SUPPLY INC,Lope T. Bitas
MRBAY CONSTRUCTION,Mark Ryan A. Baylen
IA FERRER CONSTRUCTION & SUPPLY,Immanuel A. Ferrer
NIDA BUILDER'S & SUPPLIES,Danilo T. Nideas
NUMERICAL GATE CONSTRUCTION & SUPPLY CORPORATION,Gilda G. Bionat
KRATOS DEVELOPMENT CORP.,Jose Paolo M. Delgado
NGS CONSTRUCTION SUPPLY,Nelson G. So
VAEMAR CONSTRUCTION AND SUPPLY,Mary Jean F. Valencia
ARKY CONSTRUCTION AND SUPPLY,Arlyne C. Cuales
MECHANICS CONSTRUCTION CORPORATION,Vicente T. Tiu
FIRST OMB CONSTRUCTION AND DEVELOPMENT CORP.,Orlando M. Bontogon
N.E.B. CONSTRUCTION AND SUPPLY,Noel E. Balleza
FDS CONSTRUCTION & SUPPLY,Fernando D. Savillo
MS2 BUILDER AND SUPPLIES INC.,Ma. Theresa S. Macoco
ALGIMAR CONSTRUCTION CORPORATION,Alvin G. Marcial
J-NAC CONSTRUCTION & SUPPLY,Jimmy N. Castillon
DOUBLE R CONSTRUCTION AND SUPPLY,Reynaldo R. Rojo
JO20 CONSTRUCTION AND SUPPLY,Jomar O. Otico
LEGACY BSCA CONSTRUCTION AND SUPPLY CORP.,"Benito S. Cacho, Jr."
4DOVE BUILDERS CORPORATION,Stephen S. Sembrano
ANKOR GAULLE CONSTRUCTION AND SUPPLY CORPORATION,Aries S. Gozon
BIEN RAICE CONSTRUCTION AND SUPPLY CORPORATION,Ma. Theresa R. Celis
LAHDETH CONSTRUCTION AND SUPPLY,Herbert H. Laru-an
PANAY EAST COAST CONSTRUCTION & SUPPLY,Helen Edith Lee Tan
RINEL CONSTRUCTION SERVICES,Rizal N. Li
"WOODLAND CONSTRUCTION & SUPPLY, INC.",Wilfredo A. Geolingo
MRZA CONSTRUCTION CORPORATION,Melba R. Zaragosa-Areno
"A.D. PENDON CONSTRUCTION & SUPPLY, INC.",Abelardo D. Pendon
J'14 CONSTRUCTION & SUPPLY,Juanito T. Tajanlangit
"TIBIAO-ANTIQUE N.K. ENTERPRISE, INC.",Not found
1 BEATUS BUILDERS CORP.,Nelly C. Bellosillo
SBF CONSTRUCTION & DEVELOPMENT CORPORATION,Stephen B. Faeldan
IBC INTERNATIONAL BUILDERS CORPORATION,Alfonso Tan
ROPRIM CONSTRUCTION CORPORATION,Roque P. Misajon
F & J GENERAL CONSTRUCTION AND SUPPLY CORPORATION,Fernando C. Jamora
C'ZARLES CONSTRUCTION & SUPPLY,Cesar S. Lao
JEJOR'S CONSTRUCTION CORPORATION,Jerry S. Tio
J E G CONSTRUCTION FIRM CORPORATION,Jeoffrey E. Galeno
UY CONDEV CORPORATION,James Uy
TOPMOST DEVELOPMENT & MKTG. CORP.,Romeo G. Llamas
OTING CONSTRUCTION AND SUPPLY,Rolando G. Oreta
TYER ONE CONSTRUCTION CORPORATION,Tyerone S. Jabido
SENTINA CONSTRUCTION AND SUPPLY,Erlinda S. Espiritu
MINDANAO ROCK,Alexander G. Ang
GREENLAND BUILDERS,Allan D. Garcia
"F. GURREA CONSTRUCTION, INCORPORATED",Felix Q. Gurrea
JORDON CONSTRUCTION AND SUPPLY,John L. Ordoñez
CONTE BUILDERS & CONSTRUCTION SUPPLY,Jose Maria G. Conte
ALMANA CONSTRUCTION AND DEV'T CORPORATION,Alfredo T. Manalisig
NOE'S BUILDERS,Noe E. Española
"J.S. LAYSON & CO. , INC.",Jaime S. Layson
UBS UNITED BUILDERS AND SUPPLY INC.,Unaisah B. Sultan
"GALENO CONSTRUCTION, INC.",Jeoffrey E. Galeno
MJ BARCELONA CONSTRUCTION AND SUPPLY,Marianito J. Barcelona
G.F. ROVERO MERCHANDISING,Godofredo F. Rovero
GATEWAY 21-25 CONSTRUCTION CORP.,Not found
MZ BUILDERS & CONSTRUCTION SUPPLY,Michael O. Zerrudo
CLIFFORD CONSTRUCTION CORPORATION,Clifford C. Uy
PASTRANA CONSTRUCTION & SUPPLIES,Rommel L. Pastrana
J.C. TAMAYO ENTERPRISES,Josefina C. Tamayo
EARLY RISER CONSTRUCTION,Rodelio V. Amante
"MEGAGOLD CONSTRUCTION AND DEVELOPMENT, OPC",Archie G. Gomez
ASIA STRUCTURAL DEVELOPER CORPORATION,Isagani J. Jalbuena
HMM BUILDERS AND CONSTRUCTION SUPPLY,Haji Mama M. Macabato
RMKP CONSTRUCTION INC.,Richard Melchor K. Pablico
DEACONS TEMPLE CONSTRUCTION & SUPPLY,Mercedita F. Villarin
ABRIGHT BUILDERS CORPORATION,Allan B. Deleon
S.T. SALCEDO CONSTRUCTION CORP.,Susan T. Salcedo
BOAZ AND JACHIN CONSTRUCTION SUPPLY & SERVICES,Jessie G. Gilo
EDISON C BUILDERS & CONSTRUCTION SUPPLY,Edison C. Chua
VILLORENTE TWIN BUILDERS CORPORATION,Rex P. Villorente
C.S. GARCIA CONSTRUCTION CORPORATION,Cezar S. Garcia
"PATRILA BUILDERS, INC.",Patrick N. Lao
GOLDEN ROADRUNNER INTERNATIONAL CORP.,Abraham G. Gorriceta
"GOOD FORTUNE INTERNATIONAL, INC.","Wilson G. Jesena, Jr."
PESOM CONSTRUCTION SERVICES,Percival M. Sombrea
ABELARDE BUILDERS AND SUPPLY,Erwin G. Abelarde
J.C. ALBASON BUILDERS AND SUPPLY,Julius Ceazar M. Albason
SOLID MERCHANDISING,Benny G. Chua
PAG BUILDERS,Peter Anthony G. Gurrea
EC BUILDERS,Eddie C. Casas
TIB TIMCO INFRA BUILDERS,"Tomas Inocencio B. De Leon, Jr."
LUCKY H&K CONSTRUCTION,Hyo Jong Lee
5'S CONSTRUCTION & SUPPLY,Sittie Nor-Anisah S. Sanguila
PGO CONSTRUCTION,Paul Garces Oyao
"ACCELERATED METAL TECHNOLOGY & CONSTRUCTION, INC.",Maria Veronica E. Sarraga
"UNITEC BUILDER, INCORPORATED",Ulysses M. Trani
VEONG CONSTRUCTION & SUPPLY,Veberly D. Ong
SALMEGA BUILDERS,Gaudencio A. Salise
FIRST MAKEEN CONSTRUCTION,Makeen A. Alonto
RCDG CONSTRUCTION CORPORATION,Rizaldy C. De Guzman
KIRSKAT VENTURE,Catherine B. Adasa
STELLAR BUILDERS,Edgar F. Adlawan
CHAMPION BUILDERS AND SUPPLY,Antonio D. Delos Reyes
VANNIE CONSTRUCTION AND SUPPLY,Vannie L. Tiu
XLA CONSTRUCTION,Xavier L. Adaza
ON POINT CONSTRUCTION AND DEVELOPMENT CORPORATION,Christian T. Dychangco
LEDA CONSTRUCTION INCORPORATED,Leddie A. Azis
ZLREJ TRADING AND CONSTRUCTION CORPORATION,Jeric Z. Robledo
QM BUILDERS,Quirino M. Matalam
"N.N. YU CONSTRUCTION, INC.",Nelson N. Yu
"MC GEOMETRIC PROPORTIONS, INC.",Melchor F. Catingin
MOG CONSTRUCTION INC.,Ma. Olga G. Lim
MUANA CONSTRUCTION AND DEVELOPMENT CORP.,Gerardo A. Muana
ADAMANT DEVELOPMENT CORPORATION,John Michael T. Siao
AR ADLAWAN CONSTRUCTION,Aldrei Rafanan Adlawan
VSP STRUCTURE VENTURES CORP.,Von G. Sia
"GICAR CONSTRUCTION, INC.",Giselle G. Gicano
GONZALODO ENTERPRISES,Dionesio C. Gonzalodo
QG DEVELOPMENT CORPORATION,Quirino G. Gonzales
FUENTABUILT CONSTRUCTION CORP.,Arnulfo R. Fuentebella
FLUSSKREBS CONSTRUCTORS,Siegfried L. Flaviano
BNR CONSTRUCTION & DEVELOPMENT CORP.,Benedicto R. Rodriguez
"RUDHIL CONSTRUCTION & ENTERPRISES, INC.","Rodulfo C. Hilot, Jr."
WTG CONSTRUCTION & DEVELOPMENT CORPORATION,Willie T. Goc-ong
ROVILLA CONSTRUCTION,Roger C. Villaver
HELM CONSTRUCTION & SUPPLIES,Helengrace L. Magan
VEN RAY CONSTRUCTION CORPORATION,Ven Ray V. Funtecha
A.S.T BUILDERS,Alex S. Tinte
QUIRANTE CONSTRUCTION CORPORATION,Jose Marlo T. Quirante
BARR STEEL CONSTRUCTION,"Benjamin A. Delos Reyes, Jr."
BNYU DEVELOPMENT CORPORATION,Billy Nelson Yu
"A.T. DUMLAO CONSTRUCTION, INC. FORMERLYANDONI T. D",Andoni T. Dumlao
JJ &J CONSTRUCTION & GENERAL SUPPLY,Jovito J. Villareal
CARCEL CONSTRUCTION AND DEVELOPMENT CORPORATION,Cary L. Tumulak
EMMARC CONSTRUCTION,Marcelina M. Echavez
3N CONSTRUCTION & SUPPLY,Norjanah D. Macatoon
KENNETH CONSTRUCTION AND GENERAL MERCHANDISE,Kenneth T. Caguindangan
FIRST GRANDEUR BUILDERS,Aileen T. Lim
DINAH RBS CONSTRUCTION AND SUPPLY INCORPORATED,Dinah R.B.S. Delos Reyes
JANUARY BUILDERS,Janidah M. Dimal
JA ACHACOSO ENTERPRISES & GENERAL SERVICES,Jose A. Achacoso
FLORIANE CONSTRUCTION CORPORATION,Floriane T. Casas
NENIAL CONSTRUCTION,Rommel T. Nenial
W.GO CONSTRUCTION AND SUPPLY,William T. Go
TCP BUILDERS,Tito C. Pua
GREEN WORLD CONSTRUCTION,Dionesio D. Dael
RDY BUILDERS CONSTRUCTION AND GENERAL MERCHANDISE,Rolando D. Yebes
YES CONSTRUCTION,Joseph E. Salang
SUDAN CONSTRUCTION AND SUPPLY CORP.,Suharto U. Sudan
CLAIRE CONSTRUCTION AND SUPPLY CORPORATION,Clarita L. Trinidad
LABB CONSTRUCTION DEVELOPMENT INC.,Luisito A. Bagatsing
TRI4 CONSTRUCTION & DEVELOPMENT CORP.,Reynante O. Bautista
JAMARI CONSTRUCTION,Maricel V. Jamili
ALTACS CONSTRUCTION,Alexander L. Tacugue
KMCM BUILDERS AND DEVELOPMENT CORPORATION,Kevin Marvin C. Mupas
CELJEM CONSTRUCTION & DEVELOPMENT CORP.,Celedonio M. Montejo
"CHARLZ CONSTRUCTION, INC.",Charlie T. Gahi
BELCONSTRUCT CORPORATION,Belen O. Acosta
ARQ BUILDERS,Arnel R. Quizon
647 CONSTRUCTION AND DEVELOPMENT CORPORATION,Not found
MATROSON BUILDERS & ENGINEERING SERVICES,Sonny G. Matro
VICENTE T. LAO CONSTRUCTION,Vicente T. Lao
KYLE CONSTRUCTION SERVICES,Richard D. Nicolas
ST. BERNARDINE CONSTRUCTION & ENTERPRISES,Bernadette L. Dungca
GOWIL BUILDERS,Wilson C. Go
HERBERT MALMIS GENERAL MERCHANDISING & CONTRACTOR,Herbert Malmis
SLP CONSTRUCTION,Silverio L. Pama
YS CONSTRUCTION,Yolanda S. Santos
POWER MOVE BUILDERS & CONSTRUCTION SUPPLY,Renato R. Recto
JAS MIXER CONSTRUCTION AND DEVELOPMENT CORPORATION,Jesus A. Silo
VNCO CONSTRUCTION,Vivencio N. Co
PLD CONSTRUCTION AND DEVELOPMENT INC.,Perry L. Danga
BOOMETRIX DEVELOPMENT CORP.,Not found
SANTECH BUILDERS CORPORATION,Santo S. Nitor
PHIL ASIA RESOURCES & DEVELOPMENT CORP.,Robert V. Tajan
"B. VICENCIO BUILDERS (BVB), INC.",Benito E. Vicencio
"CEBU 7H TECHNOCHEM INDUSTRIES, INC.",Nelson T. Yu
HUSAIN CONSTRUCTION AND SUPPLY CO.,Not found
JIAN ARMEL RICHARD CHRISTERSON (JARC) CONSTRUCTION & MARINE SERVICES CORPORATION,Armel R. Chaves
BT CONSTRUCTION AND GENERAL SERVICES,Benigno Tiamson
GTM BUILDERS & SUPPLY,Godofredo T. Manansala
ECBJ EASTCOAST CONSTRUCTION,"Eddie C. Bueno, Jr."
RL EARTH HAULING & EQUIPMENT SERVICES INC.,Rene M. Ledesma
YBK CONSTRUCTION,Yusa B. Kupong
WORLDWIDE BUILDERS,Annabelle L. Yu
WYNE ROSE CONSTRUCTION AND SUPPLY CORP.,Rosemarie G. Wynner
EDANNA CONSTRUCTION,Edgardo C. Anna
GOLDFIN CONSTRUCTION & DEVELOPMENT CORPORATION,Finch R. Cusi
NEOVENTURES CONSTRUCTION,Teodoro R. Carino
PLANAC CONSTRUCTION,Peter Nick G. Planac
SBD BUILDERS,Siony B. Datumanong
DOCAST CONSTRUCTION,Dominador L. Castaneda
JUGA BUILDERS & CONSTRUCTION SUPPLY,"Julian G. Aragon, Jr."
"UKC BUILDERS, INC.",U-Krishnan C. Charithram
REBTRADE INTERNATIONAL CORPORATION,"Joel R. Cruz, Sr."
D' 5J CONSTRUCTION & SUPPLY,Jesus J. Jueqos
M.C. BUYSER CONSTRUCTION & SUPPLY,Mario C. Buyser
SAN NARCISO BUILDERS CORPORATION,Narciso O. Jabonillo
LA PRUEBA CONSTRUCTION,Ileana R. Garcia
AQUATERRA KONSTRUKT INC.,"Celestino B. Signe, Jr."
O.Q. CONSTRUCTION AND SUPPLY,Orlando Q. Quiambao
TEN TWENTY ALLIED DEVELOPERS,Anthony L. Chiu
JM COLLERA KONSTRACT,Jomar M. Collera
NEW GLOBALDEV CORPORATION,Alan P. Altonaga
DT&C CONSTRUCTION,Danilo T. Cruz
MEGA PLUS CONSTRUCTION AND SUPPLY CORP.,Mario L. Alose
1ST J.E. ADLAWAN CONSTRUCTION & SUPPLY CORPORATION,Johnny E. Adlawan
KAUIE BUILDERS & SUPPLIES INC.,Edselle T. Carreon
CEBU HAYDTER CONSTRUCTION,Teodoro A. Tejero
JCL CONSTRUCTION AND SUPPLY,Joan C. Ludovice
J SQUARE BUILDERS AND CONSTRUCTION SUPPLY,"Jovencio J. Abarquez, Jr."
JQD CONSTRUCTION & GENERAL SERVICES,Jose Que Dinglasa
CDU CONSTRUCTION,Clemente D. Uy
"FAIRCHILD BUILDERS & DEVELOPERS, INC.",Alan D. Limpag
GO_SOLID BUILDERS INC.,Francisco O. Go
LANOY CONSTRUCTION,Victoria L. Lanoy
PABLO S. LABASBAS CONSTRUCTION CORPORATION,Pablo S. Labasbas
JGO BUILDERS,Jessie G. Oplado
C N E CONSTRUCTION,Cecilio N. Estrera
ETAN CONSTRUCTION,Elesio C. Tan
ESD CRUZ CONSTRUCTION & SUPPLY,Edgardo SD. Cruz
JUPA CONSTRUCTION,Julieta S. Pastor
EZJONES CONSTRUCTION INC.,Jessie R. Jones
MDP CONSTRUCTION SERVICES,Marvin D. Pacson
JELM CONSTRUCTION CORP.,John Edwin L. Mendoza
JB KONSTRUKTURA COMPANY,Jude Gregory B. Bernal
RJIR ENTERPRISES CORPORATION,"Renato R. Ileto, Jr."
CIRCLE Z VENTURES & DEVELOPMENT CORP.,Alvin V. Zosa
JFR CONSTRUCTION INC.,Jose Felix Rampola
G.O.C. BUILDERS,Gerardo O. Chua
JAMA88 BUILDERS INC.,Marlon A. Amadora
5GG CONSTRUCTION,Godofredo G. Gentapa
JDR CONSTRUCTION,Julito D. Rosales
XDR CONSTRUCTION AND SUPPLY,Maria Xenia D. Rosell
AQUALINE CONSTRUCTION CORPORATION,Joel F. Yu
EVERBUILT CONSTRUCTION,Aristotle T. Go
R. YAO CONSTRUCTION,Roldan L. Yao
DANILORSO CORP. OPERATING UNDER THE NAME OF DRS BUILDERS AND CONSTRUCTION SUPPLIES,Danilo R. Soroño
AICON INDUSTRIES,Maria Veronica O. Ramirez
ZTATIK BUILDER INC.,Roel Anthony C. Adlawan
ML_BUILDERS INC.,Mark Anthony P. Leysam
JBM ENGINEERS AND SUPPLY,Jessie B. Montejo
LMKT VALLEY CONSTRUCTION,LOURDES M. TAN
P.B. OBIAL CONSTRUCTION,PABLITO B. OBIAL
IVS BUILDERS,IRINEO V. SIBAL
BEEROCK ENTERPRISES INCORPORATED,RAQUEL S. BADILLA
RMA BUILDERS & SUPPLIES CORPORATION,RICHARD M. ANTIPORDA
LCTING CONSTRUCTION AND DEVELOPMENT CORPORATION,LUDIVICO C. TING
VK BUILDERS INC.,VIOLETA KHO
TACLOBAN 6500 INC.,ALVIN M. LAO
ONE MYRNA CONSTRUCTION AND SUPPLY,MYRNA G. UY
DYSON CONSTRUCTION AND TRADING CORPORATION,JOCELYN O. DY
"UNIMASTERS CONGLOMERATION, INCORPORATED",WILLY T. LAO
MAVI CONSTRUCTION INC.,MARIA VICTORIA G. SY
DAV-LEY CONSTRUCTION SERVICES INC.,ROMULO C. AGUILLON
CHRISTFER CONSTRUCTION & SUPPLY,CHRISTOPHER P. GAHUM
"MJR CONSTRUCTION FIRM AND GENERAL MAINTENANCE, OPC",MARY JOY R. ORTIZ
GMP BUILDERS,GILBERT M. PALAMOS
LIMAR CONSTRUCTION,MARIO B. LIM
MKB BUILDERS AND SUPPLY,MERLY K. BALTONADO
INFRASERVE BUILDERS AND SUPPLIES,ARISTOTLE S. YU
MWJ CONSTRUCTION,WILSON M. JAPSON
JSONS BUILDERS,ROBERTO J. APOSTOL
W.B. ALAGAO CONSTRUCTION,WILSON B. ALAGAO
JUCONS CONSTRUCTION OPC,JULIAN D. UY
"ROVING PREMIER CONTRACTORS, INC.",Not found
M.B. ANG CONSTRUCTION & SUPPLY,MARIA BERNADETH G. ANG
"RNMK CONSTRUCTION, SUPPLY AND DEVELOPMENT CORP.",ROSE MARIE N. KHO
ANG YAP BUILDERS AND AGGREGATE SUPPLIES INC.,ALVIN B. YAP
MELGAZO CONSTRUCTION AND SUPPLY,MARISSA L. MELGAZO
ARCA BUILDERS,ARTHUR L. CARBAJOSA
CTC BUILDER AND SUPPLIES INCORPORATED,CECILIA T. CHIU
COLLERA CONSTRUCTION,JOEY G. COLLERA
D.L. AUREO CONSTRUCTION,DAVID L. AUREO
M SQUARE H CONSTRUCTION & SUPPLY,MYRNA M. HIPOLITO
JVM BOLLARD CONSTRUCTION AND SUPPLY,JOSE VICENTE M. BOLLARD
KOUZBARY BUILDERS,KHALED A. KOUZBARY
MIK AND MEL CONSTRUCTION AND SUPPLY,IMELDA A. YU
L.N.R. CONSTRUCTION,LOLITA N. REMOLLO
SAMARINAN CONSTRUCTION AND DEVELOPMENT CORPORATION,ROMEO V. COBRADO
C. A. CONSTRUCTION AND SUPPLY,CRISENTE A. ABARRA
888 ACY ENTERPRISES,ANDRES C. YEE
PYUKEI CONSTRUCTION INC.,PETER YU
RT BUILDERS,RAUL A. TIOZON
TWENTYSIX CONSTRUCTION INC.,REBECCA M. LEE
QUEEN MARIECRIS CONSTRUCTION CORP.,MARIECRIS B. VILLAMOR
EBS CONSTRUCTION AND SUPPLIES,"EMETERIO B. SANICO, JR."
ND CARANZO BUILDERS AND CONSTRUCTION SUPPLY,NILO D. CARANZO
VHITS D. G. BUILDERS & ENTERPRISES,VINCENT D. GERMINO
SUNRISE BUILDERS,LILIBETH A. GO
REX E. MORALES CONSTRUCTION,REX E. MORALES
MCU CONSTRUCTION,MARILOU C. UY
RED AXE BUILDERS & SUPPLY,Razel L. Go
ST. ROCH CONSTRUCTION,Amelia T. De La Cruz
SAL CONSTRUCTION,Salvador A. Lagman
TUBIGAN BUILDERS,Mario L. Tubigan
CALIFORNIAROCK CONSTRUCTION,Not found
Z.A.S. CONSTRUCTION AND SUPPLY,Zaldy A. Sarmiento
ADB DYNAMIC BUILDERS & SUPPLY,Arturo D. Bautista
CHUCON BUILDERS CORPORATION,Peter S. Chua
MILES CONSTRUCTION AND ENTERPRISES,Emiliana D. So
HI-TRI DEVELOPMENT CORPORATION,Jeanette L. Japzon
AGDCON BUILDERS,Ana Grace D. Concepcion
R.K. ENGINEERING & CONSTRUCTION WORKS,Romeo C. Kabiling
JJ PALACIO CONSTRUCTION,Jesus J. Palacio
QUELLING CONSTRUCTION,Maria Fe A. Quelling
RIANNE CONSTRUCTION,Ryan L. Espina
MERMIT CONSTRUCTION AND ENTERPRISES,Merlyn M. Ituralde
4K VERMARK CIVIL ENGINEERING CONSTRUCTION,Veronica K. Marquez
CHUROCK BUILDERS INC.,Richard Chan
CEY BUILDERS,Carlos E. Ysmael
DC BROS BUILDERS AND TRADING,Donato C. Cruz
QYT CONSTRUCTION AND SUPPLIES,Quintin Y. Tan
ALPHAHAWK CONSTRUCTION CORP.,Reynaldo M. Aldeguer
"LUG KONSTRACT, INC.",Luis U. Gomez
MIGHTY A'S CONSTRUCTION & HARDWARE SUPPLY,Arturo S. Adriano
VCD CONSTRUCTION AND SUPPLY,Vincent C. Dy
PREMIUM MEGASTRUCTURES INC.,Francis Lloyd T. Chua
A2C ENTERPRISES INC.,Arleen A. Chua
A.C. RIVERO DEVELOPMENT CORPORATION,Antonio C. Rivero
820 BUILDERS AND SUPPLIES,Not found
GREENPLAINS CONSTRUCTION,Marissa L. Chua
RL TUBA CIVIL ENGINEERING CONSTRUCTION,Renato L. Tuba
DRAGON CONSTRUCTION,Peter G. Dy
AMB ENTERPRISES,Arnel M. Briones
R&B LAURINE CONSTRUCTION,Laurine M. Bernabe
JV ENTERPRISES,Jesus S. Vergara
MAMSAR CONSTRUCTION AND INDUSTRIAL CORPORATION,Manuel M. Sarmiento
APTJ CONSTRUCTION SERVICES,Alexander P. Tanjutco
YOYEN ENTERPRISES,Yolanda Y. Enriquez
3MC KING CIVIL ENGINEERING CONSTRUCTION,Mario M. Cruz
J.A. DEVELOPERS AND ENGINEERS,Jesus A. Acha
DICA CONST. & DEVELOPMENT CORP.,Diosdado G. Capino
EMB CONSTRUCTION AND SUPPLY,Eric M. Balmes
ESPERAS CONSTRUCTION & DEVELOPMENT CORP.,Evelyn S. Esperas
BORONGAN MBC MERCHANDISING AND CONSTRUCTION,Ma. Bernadette L. Cayacap
ZMS CONST. & DEV. CORP.,Zenaida M. Sabiniano
JZL BUILDERS & ENTERPRISES,Jimmy Z. Lim
RDT CONSTRUCTION AND GENERAL MERCHANDISE,Romel D. Tomas
EG-VRYLE CONSTRUCTION & ENTERPRISES,Erlinda G. Vergara
GENETIAN BUILDERS AND ENTERPRISES INCORPORATED,Generoso T. Tianko
BARILLO CONSTRUCTION AND ENTERPRISES,Joseph B. Barillo
R.B. MORALLO CONSTRUCTION,Romeo B. Morallo
DEBRIS ENTERPRISES AND CONSTRUCTION,Leo E. De Los Reyes
BADSBRO CONSTRUCTION AND GENERAL MERCHANDISE,Abdulgaffar M. Badrudin
LAKEWOOD CONSTRUCTION COMPANY,Marichu T. See
RME CONSTRUCTION AND ENTERPRISES,Ryan M. Enriquez
DIPOLOG TOP CONSTRUCTION & DEVT. CORP,Ulysses T. Am-is
MONTAÑO CONSTRUCTION & DEVELOPMENT CORPORATION,Alan R. Montaño
BELVIC ENTERPRISES & CONSTRUCTION,Victor B. Belen
JAYKRIS ENTERPRISES & CONSTRUCTION,Crisanto P. Jacinto
NRMM CONSTRUCTION AND DEV'T CORP.,Naim M. Malande
LONG ISLAND BUILDERS & CONSTRUCTION,Alfredo A. Long
ST. JOSEPH CONSTRUCTION & TRADING,Noel C. Mendoza
CITYWEST BUILDERS AND SUPPLY,Edwin L. Kho
MIN CONSTRUCTION,Julmin A. Ismael
D' DREAMER DEVELOPMENT CORPORATION,Antonio V. Marciano
ESR CONSTRUCTION AND DEVELOPMENT CORPORATION,Edgar S. Reyes
L.C. CONSTRUCTION CORPORATION,Lilibeth A. Chua
DANSBURG MACRO-BUILDERS INC.,Daniel T. Te
DOMNPHIL CONSTRUCTION,Domingo M. Manzanilla
BENDIMIL CONSTRUCTION & DEVELOPMENT CORP.,Benjamin D. Mil
WENKON CONSTRUCTION SERVICES,Wendel S. Kong
JM2K CONSTRUCTION,Not found
BENRAM CONSTRUCTION,Benjamin R. Ramos
ALLROCK CONSTRUCTION,Not found
MI CONSTRUCTION,Mohammadnor I. Indasan
MCGABRIEL CONSTRUCTION,Gabriel S. Manalastas
MOTHER'S ROLE CONSTRUCTION,Vilma C. Alba
HENSO CONSTRUCTION INC.,Henry O. So
MEGABALTZ CONSTRUCTION,Baltazar T. Go
AEJ HARDWARE CONSTRUCTION & ENTERPRISES,Angelito E. Jumawan
AYESHIA GENERAL TRADING CONSTRUCTION AND MAINTENANCE,Nulham A. Abdurahman
WESTMIN ENTERPRISES & CONSTRUCTION SERVICES,Abdullah A. Hamja
SHERKAD CONSTRUCTION,Abdulnasser K. Daud
ALBE CONSTRUCTION & ENTERPRISES,Alvin L. Bernardo
"TEDDIE CONSTRUCTION DEVELOPMENT, INC.",Teodoro B. Diez
YN BUILDERS AND SUPPLY,Yolanda N. Nasiri
GOLDEN LION CONSTRUCTION,Alfredo K. Tan
TERRAINSHAPER CONSTRUCTION AND ENTERPRISES,Ramil L. Uy
ALTOS CONSTRUCTION,Not found
LL CONSTRUCTION,Not found
ROSBILL CONSTRUCTION AND SUPPLY,Rosalia L. Billedo
OLISON CORPORATION,Alexander G. Olison
TRIPARCO DEVELOPMENT CORPORATION,Gabriel L. Martinez
PYRAMID CONSOLIDATED BUILDERS & GEN. MDSE.,Alexander G. Lee
ABIB BUILDERS ENTERPRISE,Hadjirul H. Abib
ANIMAS BROS CONSTRUCTION CORPORATION,Romulo S. Animas
"JT GAMOLO CONSTRUCTION, INCORPORATION",Joselito T. Gamolo
FNTC CONSTRUCTION,Not found
JAPUZ-JANSOL ENTERPRISES,Erlinda Japuz-Jansol
RAMISES CONSTRUCTION,Ronald Allan M. Ises
EQUI-PARCO CONSTRUCTION COMPANY,Ruben A. Javier
"M. MONTESCLAROS ENTERPRISES, INC.",Mark P. Montesclaros
WEISENWORK CONSTRUCTION,Weisenheimer B. Tan
CHIU BUILDERS,Antonio T. Chiu
ME 3 CONSTRUCTION,Mark Edzen T. Llagas
TRESTON CONSTRUCTION,Ramon P. Ereneta
RRN CONSTRUCTION & DEV'T. CORP.,Renerio R. Narvaez
LANAO BUILDER AND ENTERPRISES,Acob T. Dibaratun
BUILDZONE CONSTRUCTION AND SUPPLY,Roseller T. Go
CROWNWORKS CONSTRUCTION INC.,Not found
CAGALAWAN ENTERPRISES,Joel E. Cagalawan
MIKKIL CONSTRUCTION,Michael A. Kilat
VICTORIANO C. LIM CONSTRUCTION CORPORATION,Victoriano C. Lim
MOYA CONSTRUCTION,Edgar P. Moya
AL HUSSEIN CONSTRUCTION,Hussein A. Uko
GENESIS88 CONSTRUCTION INC.,Patricia Mae T. Ang
SGM CONSTRUCTION,Sonny G. Matula
EQUALYZ TRADING,Erica T. Dy
ERS CONSTRUCTION,Eleonor R. Sumaljag
ROJAYME CONSTRUCTION SERVICES,Rogelio J. Mejia
N.B. SALBO CONSTRUCTION,Norhaifa B. Salbo
RBT VENTURES,Richard B. Tan
REFUGE CONSTRUCTION SERVICES,Elenita R. Mah
ABAYCER CONSTRUCTION SUPPLIES AND GENERAL MERCHANDISE,Cerilo A. Abay-abay
SHEEN-SHEEN CONSTRUCTION CORPORATION,Elenita C. Cruz
U.M.D. CONSTRUCTION,Usman M. Dandun
5S DEVELOPMENT CORPORATION,Sylvia C. Sanchez
THE HUANG BUILDERS INC.,Michael H. Huang
HAPPY ALL3 BUILDERS CORPORATION,Not found
STA ANA RAYCON CORP.,Raymond L. Sta. Ana
CDH CONSTRUCTION,"Candido D. Hael, Jr."
AJJ STRUKTURE BUILDERS INC.,Not found
REVILO CONSTRUCTION,Oliver A. Ty
RITCHE-NATHALIE BUILDERS & GENERAL MERCHANDISE,Arsenio L. Oclarit
ALEBON GENUINE MERCHANDISING INCORPORATED,Not found
PRIME HAUS BUILDERS & ENTERPRISES,Peter T. Dy
AL-NAJIM CONSTRUCTION CORPORATION,Najim T. Amerol
M & L CONSTRUCTION & ENTERPRISES,Lorna P. Martel
ALFAHAD BUILDERS AND ENTERPRISES,Fahad M. Macabato
NDP CONSTRUCTION DEVELOPMENT,Nilda D. Pabiloña
SUPREA PHILS. DEVELOPMENT CORP.,Raymond C. Sih
TKS BUILDERS & SUPPLIES,"Tirso K. Santillan, Jr."
DICON BUILDERS CORP.,Diego A. Conti
CLC CONSTRUCTION SERVICES AND SUPPLY,Christopher L. Cua
PHILIPPIANS CDO CONSTRUCTION CORPORATION,Not found
ALL WEATHER CONSTRUCTION,Isidro G. Bagtas
LIGHT CONSTRUCTION & SUPPLY,Not found
JAMRAY BUILDERS AND ENTERPRISES,Jaime Ray C. Ocariza
BLACK ROAD CONSTRUCTION,Ronniel B. Tan
ELC CONSTRUCTION AND TRADING,Elvie L. Chan
CYRUS JAMES BUILDERS AND SUPPLIES,CYRUS JAMES A. MANALASTAS
H & N BUILDERS & ENTERPRISES,HILARION T. NOBLEZA
M.M.A. ACHIEVER CONSTRUCTION & DEVELOPMENT CORP.,MICHAEL M. AMAC
MILLENNIUM BUILDERS & CONSTRUCTION,LIGAYA A. BASCON
RJLG CONSTRUCTION AND SUPPLIES,RENE L. GALEOS
SILVER CONSTRUCTION,SILVESTRE V. LEGASPI JR.
LT POWER BUILDERS DEVELOPMENT CORPORATION,LEO T. TING
JANRHYLL CONSTRUCTION,JANRHYLL C. TOLENTINO
AL-NOORWAY CORPORATION,SAADUDIN A. ALIM
GCMG CONSTRUCTION,GERLIE C. MAGNO
WDM CONSTRUCTION AND SUPPLIES,WILLIAM D. MAGBANUA
ZDA CONSTRUCTION AND ENTERPRISES,ZALDY D. ARZAGA
RED CONSTRUCTION TECHNIK,ROMULO E. DELA CRUZ
RRJ BUILDERS CONSTRUCTION AND GENERAL MERCHANDISE,ROSEMARIE R. JEMINA
L & L CONSTRUCTION,LEONARDO T. LAGRADILLA
"NAHARO BUILDERS, INC.",HARRISON O. PUA
MAMAWAG CONSTRUCTION,EMMANUEL M. MAMAWAG
ER SALAC BUILDERS CORPORATION,EDMUNDO R. SALAC
"MAFIL BUILDERS, INC.",MARK ANTHONY P. FILART
GREEN BUILDER AND ENTERPRISES,CARLITO R. VERGARA
LYD CONSTRUCTION,LEANDRO Y. DE DIOS
RUPLINO SEISMUNDO CONSTRUCTION CORPORATION,RUPLINO L. SEISMUNDO
AKC BUILDERS,ALLAN K. CHUA
FOUNTAINHEAD CONSTRUCTION AND SUPPLY,ANGELITO L. DE GUZMAN
IOS CONSTRUCTION SERVICES,IMELDA O. SISON
ONE NINE ONE TRADING,RAYMOND T. SY
INSTA BUILDERS & SUPPLIES CORP,ANTONIO T. CHUA
R AND L BUILDERS AND CONSTRUCTION SUPPLY CORP.,REYNALDO A. LIWANAG
TAGUM BUILDERS CONTRACTORS CORP.,LEO C. AUJERO
"P.L. SEBASTIAN CONSTRUCTION, INC.",PETER L. SEBASTIAN
AARJG BUILDERS CORPORATION,ANTONIO J.G. GO
"AB APONESTO CONSTRUCTION PARTS AND SUPPLY, INC.",ANGEL B. APONESTO JR.
KANAWAY BUILDERS CORPORATION,WAYNE T. KAN
DBR CONSTRUCTION CORPORATION,Not found
EDCL CONSTRUCTION AND SUPPLY,EDWIN D.C. LIM
METRO GEAR CONSTRUCTION CORP.,"HERNANDO G. DAGUIO, JR."
REPLICON CONSTRUCTION CORPORATION,ROGELIO V. REYES
RELY CONSTRUCTION & SUPPLY INC.,EDGARDO R. YAMBAO
ALFREGO BUILDERS & SUPPLY,ALFREDO G. GO
"AGONG BUILDERS AND CONSTRUCTION SUPPLY, INC.",ALLAN G. ONG
O. G. SANTOS CONSTRUCTION,ORLANDO G. SANTOS
SCP CONSTRUCTION,SAMUEL C. PIMENTEL
LICSAL CONSTRUCTION CORPORATION,ALEXANDER S. LICUP
GP & H CONSTRUCTION INCORPORATED,GERARDO P. HIZON
DREIRICH BUILDERS,RICHARD D. RAMOS
ABU CONSTRUCTION,ABUBAKAR A. KANAPIA
"CARESYSTEM TECHNOLOGY SOLUTION CO., INC.",JESSICA J. REYNOSO
ECOMIXED CONSTRUCTION AND DEVELOPMENT CORPORATION,Not found
RUBIKS CONSTRUCTION CORPORATION,Not found
GMPA CONSTRUCTION SERVICES,GRACE M. PAJARON
R.C. MELGAZO BUILDERS,Ronnie C. Melgazo
JHARKHA CONSTRUCTION AND SUPPLY,Khadapi C. Acub
FORDEX CONSTRUCTION CORPORATION,Ford S. Chan
"GEMMA CONSTRUCTION SUPPLY, INC.",Gemma R. Pua
NICOMAG UTILITY PROJECTS CONSTRUCTION,Nicolas R. Magsayo
MAVERICK BUILDERS INCORPORATED,Vicente T. Lao
MAER SUMMIT KONSTRUKT CO.,Mervin S. Magante
ACC GOLDEN CONSTRUCTION SERVICES,Allan C. Ceballos
HEXAMINDZ CORPORATION,Jose A. Silvosa III
RANGAY CONSTRUCTION AND SUPPLY,Raquel C. Ang
DAVAO CONCRETE PRODUCTS CONSTRUCTION AND TRADING CORPORATION,Daryl D. Uy
A.Y.U. ENGINEERING & CONSTRUCTION,Amilbahar U. Usma
NEN BUILDERS AND DEVELOPMENT SERVICES CORPORATION,Nenita L. Tan
REYDAN BUILDERS,Danilo B. Crodua
MITZ CONSTRUCTION AND SUPPLY,Marymitzi V. Yumang
JAI BUILDERS CORPORATION,Janice A. Inso
HVC SAGITTARIUS COMMERCIAL & CONSTRUCTION,Harry V. Caspillo
LEDCORE CONSTRUCTION AND DEVELOPMENT CORP,Leslee Ann G. Dalit
MRD GEMPESAW CONSTRUCTION CORP.,Marvin R.D. Gempesaw
MARK ANTHONY CONSTRUCTION & SUPPLY,Mark Anthony J. Bermejo
JD SOMOZA BUILDERS,Jose D. Somoza
"LOTRIM CONSTRUCTION, INC.",Trinidad P. Lorenzo
BQPC CORPORATION,Benigno Q. Puno Jr.
KODUS PEERS CONSTRUCTION CORPORATION,Kristine D. Ocampo
"PRIMECON BUILDERS, INC.",Irene T. Mondigo
AIMEK CONSTRUCTION AND SUPPLY,Aiman R. Sulaiman
VIBRANIUM BUILDERS CORPORATION,Bernadette C. Dy
GIZA BUILDERS CORPORATION,Gerardo Z. Alquizola
DINGO BUILDERS AND SUPPLY,Dinah A. Ngo
JARGON CONSTRUCTION & SUPPLY,Johnny O. Go
RAKKI CORPORATION,Edgardo A. Balaga
APEIRON CONSTRUCTION SOLUTIONS,Paul Jason G. Famador
THEORBIA'S CONSTRUCTION SUPPLIES AND ENGINEERING SERVICES,Theorbia L. Uy
"ACD ASTROBUILT CONSTRUCTION & DEVELOPMENT, INC.",Allan C. Diez
DELOUKRIS BUILDERS,Louis F. Chiongson
RITZ BUILDERS CONSTRUCTION INC.,Ritchell E. Cruz
DOUBLE J CONSTRUCTION AND SUPPLY,Joel S. Jablo
RMT CORPORATION,Raul M. Torres
SNAS CONSTRUCTION AND SUPPLIES,"Salem N. Ampatuan, Sr."
"LPS CONSTRUCTION GROUP, INC.",Lester P. Yee
H-ROYAL CONSTRUCTION,Hero G. Yu
GRECO CONSTRUCTION AND SUPPLY,Gregg Francis L. Hong
JB DANTE BUILDERS & SUPPLY,Jesus B. Dante
"LANDEVTECH CONSTRUCTION, INC.",Landrico M. Fuerte
FAJR CONSTRUCTION PARTS AND SUPPLY,Baimon A. Ali
"ZULAR-AZ CONSTRUCTION AND SUPPLY, INC.",Aziz L. Azulan
RDJM CONSTRUCTION AND SUPPLY,"Romeo D. Juezan, Jr."
CJEP BUILDERS AND ENGINEERING SERVICES,Conrado J.E. Palen
MICAH CONSTRUCTION & SUPPLY,Michael A. Cua
RK STAR ECOENGINEERING,Not found
DISEM CONSTRUCTION AND SUPPLY,DIONISIO S. EMNACE
WANGCON DEVELOPMENT CORPORATION,ALEXANDER C. WANG
SNN BUILDERS AND CONSTRUCTION SUPPLY CORPORATION,SAMMY N. NEBRIA
FORTSTONE CONSTRUCTION ENTERPRISES,ARVIN R. FAUNI
LLM UNIFIED BUILDERS & TRADING CORP.,LEONILO L. MATIBAG
BAYTORR CONSTRUCTION AND DEVELOPMENT CORPORATION,BAYANI R. TORRES
MFN BUILDERS,MA. FE N. BAUTISTA
J.G. ORANZA CONSTRUCTION,JOSEFINO G. ORANZA
MARCUS CONSTRUCTION & SUPPLY,MARIANO S. CUE
LLABAN CONSTRUCTION & SUPPLY,LEONARDO T. LLABAN
GFJ CONSTRUCTION SUPPLY & MERCHANDISE,GRACE F. JUGAR
PLUS CONSTRUCTION INDUSTRIES CORP.,ALDRIN L. CHUA
BETTER WORK CONSTRUCTION,JAIME U. LIM
THE TRENDSETTER CONSTRUCTION AND SUPPLY CORP.,RENATO R. REYES
MUST ENTERPRISES,MUSTAPHA T. SAMPAO
BORDERLINE CONSTRUCTION & SUPPLY,JOEL M. SANCHEZ
R.D. INTERIOR JUNIOR CONSTRUCTION,"ROMULO D. INTERIOR, JR."
ARBY'S BUILDERS AND CONSTRUCTION SUPPLY CORP.,RONEL B. YAPAN
"EC SOLICON BUILDERS & SUPPLY, INC.",EDWIN C. SOLIS
"ESCORR BUILDERS AND TRADERS, INC.",ESTEBAN T. CORRALES
"JDRC CONSTRUCTION & SUPPLIES, CORP.",JAKE DARYL R. CO
XIANN THIRDREI BUILDERS,MARECRIS C. EVANGELISTA
JV CONSTECH,JERRY V. OGERIO
SHEPPERD CONSTRUCTION AND SUPPLY,MARCO PAOLO B. ALMEDA
CS CONST. AND SUPPLY INC.,CRISOSTOMO C. SERRANO
VERGUZ CONSTRUCTION,VERONICA P. GUZMAN
MR-B CONSTRUCTION SERVICES,MICHAEL RYAN G. BABAN
RFP BUILDERS CONSTRUCTION AND SUPPLIES CORPORATION,ROMEO F. PUNZALAN
ROBETH CONST. AND DEV'T. CORP.,ROBERTO B. TANYAG
SOPHIA GEU CONSTRUCTION AND SUPPLY CORPORATION,SOFRONIO G. UY
DRU CONSTRUCTION,DELIA R. UY
SOUTHCAST CONSTRUCTION,JOSE ALFRED O. CASTILLO
ADDED CONSTRUCTION SERVICES,DANTE D. ESPIRITU
"3 K'S INDUSTRIAL MAINTENANCE AND SERVICES, INC.",KIMBERLY D. DICHOSO
TSQUARE CONSTRUCTION CORPORATION,"TEOFILO T. TURLA, JR."
RNS CONSTRUCTION ENGINEERING,RENATO N. SABADO
AAA ROCK CONSTRUCTION CORPORATION,ALEXANDER A. ANG
"CHARIFER BUILDERS, INC.",FERNANDO C. CHAVEZ
ALPXR CONST. & BLDRS. CORP,ALFREDO P. REYES
ROCKSTONE CONSTRUCTION SERVICES & SUPPLY,RODEL P. BALLESTEROS
ALBANOR CONSTRUCTION,"ALFREDO T. BANOGON, JR."
AMPLEX CONSTRUCTION AND SUPPLIES,ALEX M. PLETCHA
"HANNA VIA CONSTRUCTION, INC.",ALEJANDRO S. TORRES
VYS CONSTRUCTION,VIOLETA Y. SO
DALANON CONSTRUCTION CORPORATION,"PERPETUO C. DALANON, III"
PALMARES CONSTRUCTION & GENERAL MERCHANDISE CORP.,RAMIL C. PALMARES
CURVE-LINE CONSTRUCTION,ROMEO N. NITO
MEGALINE BUILDERS AND SUPPLY,ROBERTO A. ALCALA
MJ TIONGSON CONSTRUCTION,MARK JOSEPH D. TIONGSON
AKV BUILDERS AND CONSTRUCTION SUPPLIES,ARIEL K. VALERIO
MANUELA CONSTRUCTION SERVICES,ROMEO C. REYES
ALEXANDER BUILDERS,ALEXANDER G. DOMINGO
COFEJOK CONSTRUCTION AND SUPPLY CORPORATION,JESUS S. COFUENTES
RUCS KONSULT & CONSTRUCTION SERVICES,RUSSEL L. SANAY
SILVER HAMMER CONSTRUCTION AND SUPPLIES,SHERWIN P. DELA CRUZ
NARAGSAK CONSTRUCTION,EDGAR A. RIDUCA
"CHL CONSTRUCTION & DEVELOPMENT ENTERPRISES, INC.",CHARO L. HERNANDEZ
GIBUILD DEVELOPMENT CORP.,GILBERT P. CRUZ
CBC SQUARE BUILDERS CO.,ALBERTO Y. CHUA
ALZEN ENGINEERING & CONSTRUCTION SUPPLIES,ALZEN B. UCOL
CASTILLANES CONSTRUCTION AND SUPPLY,MARLENE S. CASTILLANES
JTL KONSTRUCT CORPORATION,JOHNSON T. LAO
REEM CONSTRUCTION AND SUPPLY,AMERA A. ACOB
TAJ BUILDERS AND SUPPLY,TIMMY A. JAJAL
JAYSABB CONSTRUCTION AND SUPPLY,JAYRALD A. SABBIRI
EINS HANA CONSTRUCTION CORPORATION,ALLAN L. ALFECHE
NIRVANA CONSTRUCTION & SUPPLIES,ELMER P. ESPIRITU
PASE CONSTRUCTION,SALVADOR ESTRADA
VANVI CONSTRUCTION,"JOSE V. ANGELES, JR."
SAREX BUILDERS AND SUPPLY,SARAH C. ESPIRITU
BEMA CONSTRUCTION AND GENERAL MERCHANDISE,BEVERLY S. MAGHANOY
GABRIELLAS ENTERPRISES,ROSELYN T. IMPERIAL
CROSMAK CONSTRUCTION WORKS INCORPORATED,MARK ANTHONY G. MACAPAGAL
EVENPAR CONSTRUCTION AND DEVELOPMENT CORPORATION,EVENER O. PARAS
CRJ CONST AND DEVELOPMENT INC,CHRISTOPHER R. JULIAN
ADFIL CORPORATION,ADELFO L. INDUCTIVO
LPO1 GROUP OF COMPANIES INC.,LEO P. ONA
"ARN BUILDERS, INC.",ALDRIN R. NAS
MELROSHEAN CONSTRUCTION CORPORATION,MELVIN S. LEAÑO
J.M. LACORTE CONSTRUCTION,JESUS M. LACORTE
LEXICON DEVELOPMENT CORPORATION,JOHN ALDRIN L. FELICIANO
C.V. CONSTRUCTION & DEVELOPMENT,CESAR V. VALEROS
DATREBIL CONSTRUCTION & SUPPLY,ALBERTO A. DATAR
CM TAN CONSTRUCTION,CARLOS M. TAN
BBC CONSTRUCTION,BRENDA B. CARIÑO
"ROCK DIWATA BUILDERS, INC.",ALFE M. LIBRANZA
DUROS DEVELOPMENT CORP.,RAFAELITO R. BARINO
JQG BUILDERS,JOSEFINA Q. GUEVARRA
CARTESIAN BUILDERS CORPORATION,JAMES ANTHONY N. VILLANUEVA
KENT MARKETING GROUP OF COMPANIES INC.,WILBERT T. LEE
JD-RG CONSTRUCTION AND SUPPLIES CORP.,JOEL D. REGINO
"J.M. LUCIANO CONSTRUCTION, INC.",JOSE M. LUCIANO
SURIGAO LA SUERTE CORPORATION,PETER T. UY
ERRA CONSTRUCTION AND DEVELOPMENT INC.,EDGARDO R. AÑO
CONCEPCION BASIC BUILDERS INC.,EDGARDO M. CONCEPCION
DAVE CONSTRUCTION,NOEL D. DETOYATO
FHD CONSTRUCTION AND SUPPLY,FRITZIE H. DIZON
ROWIE'S CONSTRUCTION,ROWENA R. MARTINEZ
DQT BUILDERS AND SUPPLY,DIOSDADO Q. TRAYA
RADIAN CONSTRUCTION AND SUPPLY,Not found
VJP CONSTRUCTION & SUPPLY,"Victoriano J. Pimentel, Jr."
JMT CONSTRUCTION,Jesus M. Tan
OLIN DEVELOPMENT ENGINEERING & CONSTRUCTION,Noli S. Aligam
ROIM BUILDERS & CONSTRUCTION SUPPLY,Irene O. Mira
"NEWINGTON BUILDERS, INC.",Erlinda Uy Cheng
BAMBOE CONSTRUCTION,Eduardo M. Boado
ABOA CONSTRUCTION AND SUPPLY,Arnold B. Oamil
R.F. VARQUEZ CONSTRUCTION,Roel F. Varquez
RJB CONSTRUCTION & SUPPLY,"Reynaldo J. Bausing, Jr."
MADYAW CONSTRUCTION & DEV. CORPORATION,Roberto P. Alabado III
GIOVANNI CONSTRUCTION,Giovanni L. Ong
LM CONSTRUCTION AND GENERAL MARKETING,Larry C. Medina
ALGAMON CONSTRUCTION CORPORATION,Alejandro G. Monzon
INNOVATI CONSTRUCTION & DEVELOPMENT CORPORATION,Erich Allen C. Deung
ROMZ BUILDERS,Romeo G. Zapanta
ABADA CONSTRUCTION AND SUPPLY,Adam B. Abada
CTB CONSTRUCTION AND DEVELOPMENT CORPORATION,Chito B. Balaria
GC BUILDERS,Gregorio L. Chan
MEGA MYKON BUILDERS,Mykon C. Nono
"R26 CONSTRUCTION, INC.",Not found
ZI 9 BUILDERS AND SUPPLIES,Edwin M. Izon
LYCS BUILDERS AND TRADING,"Leovegildo Y. Corpuz, Sr."
PATE-KHAY CONSTRUCTION,Patrick D. Kierulf
MMP CONSTRUCTION AND SUPPLIES,Maria Margarita P. Gomez
BOSH MEGATRADE AND SERVICES CO.,Jocelyn S. Borja
ISFB CONSTRUCTION,"Isidro F. Bautista, Jr."
RENREN TRADING AND CONSTRUCTION SERVICES,Ma. Lourdes C. Santos
DCD BUILDERS & ENTERPISES,Donn Carlo D. Dayrit
CORICS CONSTRUCTION,"Ricardo S. Cornelio, Jr."
KEY GENERAL MERCHANDISE AND CONSTRUCTION SERVICES,Keysie L. Sulit
TJB CONSTRUCTION,Teodoro J. Biazon
STONELINE CONSTRUCTION,Mario C. Babasa
TESAR BUILDERS,Teresita A. Reyes
MAC CONSTRUCTION,Maria A. Calma
HHH DEVELOPER AND CONSTRUCTION,Harry L. Herrera
DJY CONSTRUCTION,Domingo J. Yabut
J.M. DAPING CONSTRUCTION SERVICES,Jessica M. Daping
MA BUYAGAN CONSTRUCTION SERVICES,Mary Anne C. Buyagan
M.P. TABERAO CONSTRUCTION SERVICES AND SUPPLIES,Manuel P. Taberao
A.P.O. GENERAL CONSTRUCTION,Alvin P. Ocampo
W.V. CONSTRUCTION,Willy L. Valiente
TSAI SHEN CONSTRUCTION,James Bryan T. Wong
GELLE CONSTRUCTION SERVICES,Georgie S. Gelle
CHRISHUA CONSTRUCTION SERVICES,Marissa B. Joshua
MSMV CONSTRUCTION AND SUPPLY,Marcial S. Malvar IV
PAULA MAE BUHONG CONSTRUCTION,Paula Mae G. Buhong
UPLAND CONSTRUCTION AND ENGINEERING SERVICES,Edgar A. Arcilla
SOUTHLAND CONSTRUCTION AND SUPPLIES,Ramon P. Tayag
NORJOHN CONSTRUCTION,Norman A. Esguerra
RAD CONSTRUCTION,Rolando A. David
DJ AND C CONSTRUCTION SERVICES,DANNY S. CAPUCAO
FLEURDELIS CONSTRUCTION AND SUPPLY,LEVI L. ABAD
CNL CONSTRUCTION,CHRISTIAN N. LEE
JLY CONSTRUCTION,JAYSON L. YAGUE
R.S. SEPIAN CONSTRUCTION & TRUCKING,"ROMEO S. SEPIAN, SR."
JEP CONSTRUCTION,JOHN T. PASCUA
ALMOND ENGINEERING & CONSTRUCTION,MERCEDITA F. DULAY
MA CONSTRUCTION,MARK ANTHONY L. ALLAS
TWINFORMERS CONSTRUCTION SERVICES,JOHN VINCENT G. DOMINGUEZ
ABMJ CONSTRUCTION AND AGGREGATES,ALEJO L. BALAG-OY
ZERO ONE CONSTRUCTION AND SUPPLY,LORENZ V. LINTOC
GAWIS CONSTRUCTION SERVICES,JAKE D. GAWIS
BANGYAN 3D CONSTRUCTION,DEXTER D. BANGYAN
YCHONGLIYAN CONSTRUCTION,YVES CHONG LIYAN S. WACLIN
RM30 PSG CONSTRUCTION CORPORATION,RONALD M. GUERNALDO
LAYAD GENERAL ENGINEERING CONSTRUCTION AND AGGREGATES,MELCHOR T. LAYAD
FJ MIRANDA CONSTRUCTION,FRANCIS J. MIRANDA
DD LIKIGAN CONSTRUCTION,DONATO D. LIKIGAN
OLSIM CONSTRUCTION,FRANKLIN M. OLSIM
SONBLESSED CONSTRUCTION AND SUPPLY,CHRISTOPHER P. MARCOS
TAGEL CORPORATION,GABRIEL A. TAGEL
ISNAG BUILDERS & DEV'T. CORPORATION,FIDEL A. AGTANG
AQUILA CONSTRUCTION CO.,ROMEO K. PALTICAN
E.C.V. CONSTRUCTION,EDUARDO C. VERGARA
JOMARCANN GENERAL CONSTRUCTION,MARCANO M. BANG-OT
LEWIN VANNE GENERAL ENGINEERING AND CONSTRUCTION,LEWIN VANNE B. GUYANG
HKBT CONSTRUCTION,"HECTOR K. BALMORES, JR."
BEGAL DESIGN & CONSTRUCTION,JANICE A. BEGAL
JAN-REAL CONSTRUCTION SERVICES,JOHN D. REAL
FEREST DWAYNE CONSTRUCTION,JERRY B. CAYYAS
KOMICHOV GENERAL CONSTRUCTION,KOMITCHOV P. MANG-OSAN
BIGA CONSTRUCTION,JERRY G. BIG-ASAN
JMJD CONSTRUCTION AND AGGREGATES,JAY M. DALIS
C-BROS CONSTRUCTION,CARLITO G. BALCITA
JYP GENERAL CONSTRUCTION,JOEL Y. PALICAS
JBA CONSTRUCTION AND BUILDERS,JONEL B. ABAD
CHAO-MING CONSTRUCTION SERVICES,CHAO-MING L. FANGKING
ALPHA SIX CONSTRUCTION,CLAYTON D. ASIONG
MATAGOAN KJ BUILDERS AND ENGINEERING SERVICES,JESSIE T. AGCON
FIAT CONSTRUCTION SERVICES,JOVELYN A. GASPAR
GARVIS CONSTRUCTION CORPORATION,VICENTE A. GARAY
GKA ENGINEERING AND CONSTRUCTION,GEOFFREY K. ALVIAR
QUIÑONES CONSTRUCTION,JORGE G. QUIÑONES
CABUGUIASAN BUILDERS,JERICO C. DACAY
OMENGAN CONSTRUCTION & DEVELOPMENT CORPORATION,JOSEPH B. OMENGAN
LBJ CONSTRUCTION,LORENZO B. JACINTO JR.
TRYST BUILDERS ENTERPRISES,MARK ANTHONY G. ABAD
GSIXTY CONSTRUCTION SERVICES,DEXTER S. GO
8-10 NEHEMIAH CONSTRUCTION,JEREMY K. MALECDAN
AROBOAN CONSTRUCTION AND SUPPLY,ARMANDO E. AROBOAN
BLESSING BUILDERS AND CONSTRUCTION SUPPLY,EVELYN L. AGYAO
A.D. MARRERO GENERAL CONSTRUCTION,ANGELITO D. MARRERO
BALLIGI CONSTRUCTION DEVELOPMENT CORPORATION,WILSON M. BALI-WANG
BAHRAMLEY CONSTRUCTION,RAMLEY A. BANTASAN
QPJ GENERAL ENGINEERING CONSTRUCTION AND SUPPLY,QUINTIN P. JUAN
MALCO CONSTRUCTION,MARCIAL A. LICO
TIMENCLEAN BUILDERS AND AGGREGATES,NELIA D. TIMEN
KALAHAN GENERAL CONSTRUCTION AND SUPPLIES,MELCHOR B. GUIMBUNGAN
AG CHUNGALAN CONSTRUCTION,AMBROSIO G. CHUNGALAN
FAMILY CIRCLE CONSTRUCTION,EDWIN D. AMBOY
POLO ENGINEERING & CONSTRUCTION,CAROLYN W. POLO
D.G.O. CONSTRUCTION,DIOSDADO G. OLANIO
BTCJR CONSTRUCTION AND ENGINEERING SERVICES,BENEDICT T. CALAWEN JR.
DHEN'Z CONSTRUCTION,DENNIS L. HISO
SADLAN CONSTRUCTION,ANGELITO G. SADLAN
ROCKWELL BUILDERS,RUSTICO L. OKOREN
CLEB CONSTRUCTION,CLARITA B. ESTIMA
CLIFF CONSTRUCTION & AGGREGATES,MARIO N. BADING
JBC BUILDERS,JEFFORD B. CAWED
JUDAN BUILDERS,JUDITH ANNE L. BACANI
NINETY ONE BUILDERS,LILIBETH A. GAMAON
YUNAKIM CONSTRUCTION,KIMBERLY B. YUNGAO
SALTAN RIVER CORPORATION,CARLOS B. ABAQUITA
J-NINE-INFINITY BUILDERS AND SUPPLIES,JANICE R. BOGNADON
A.R.J. CIVIL ENGINEERING CONSTRUCTION,ARJAY B. JAVIER
R.A. FANGLAYAN (RAF) GENERAL CONSTRUCTION INC.,ROMEO A. FANGLAYAN
APAKLO KIN CONSTRUCTION AND ENG'G SERVICES,MANUEL K. APAKLO
SEJ CONSTRUCTION & AGGREGATES,ELMAR S. JACINTO
ALEPHNORTH PEAK CONSTRUCTION AND DEVELOPMENT CO.,JESSIE B. CASTRO
AFEW CONSTRUCTION,FELISA C. WANGI
4RMCONSTRUCTION & SUPPLIES,FRANCISCO R. MARRERO
AKIP CONSTRUCTION AND ENTERPRISE,JAMES T. AKIP
JFO CONSTRUCTION,JEREMIAH F. ORTEGA
AAAL CONSTRUCTION,ARLYN ALMA A. LARDIZABAL
BAGWIS CONSTRUCTION,ARNOLD G. BAG-AY
CELESTINO CONSTRUCTION DEVELOPMENT CORPORATION,EDGARDO T. CELESTINO
DONATO - SAKIWAT CONSTRUCTION,BENITO C. SAKIWAT
GENECOR CONSTRUCTION SUPPLIES TRADING,ALVIN C. GENECOR
4 J'S CONSTRUCTION SERVICES,JOEL J. BUMAHIT
XIEH CONSTRUCTION,REXON G. HISO
A.M. SALONG CONSTRUCTION,ANTONIO M. SALONG
721 BUILDERS CORPORATION,JOEFFREY D. DULNUAN
JJPR CONSTRUCTION SERVICES,JONATHAN JAKE P. RAMIREZ
DIADEMA CONSTRUCTION AND ENTERPRISES INC.,MELCHOR B. GUIMBUNGAN
AF3 CONSTRUCTION CORPORATION,ALEJANDRO F. FAYYACAO
THE STEADFAST BUILDERS,MANUEL O. GOLLAYAN
B. VALENCERINA TRADING & CONSTRUCTION,BERNARDO B. VALENCERINA
AL-AMEN BUILDERS,AMENODIN M. MACALABO
1129 BUILDERS,JULIAN B. TALLAY
"TOUGHBUILT CONSTRUCTION & TRADING, INC.",EMMANUEL C. AGRAAN
RAICON DEVELOPMENT CORPORATION,Ramon C. Inocencio
P.L.G.L. CONSTRUCTION,Pedro L. Gumba
E.L. TORRES CONSTRUCTION AND TRADING INC.,Ernesto L. Torres
TWO DIMENSION CONSTRUCTION,Rafael G. Yabut
MANGEN TECHNO-BUILDERS INC.,Genevieve S. Mangio
N.M.E. CONSTRUCTION,Nemesio M. Escoto
K84 CONSTRUCTION AND DEVELOPMENT CORPORATION,Kervin C. Kwan
AL-REM KONSTRUCT INC.,Alfredo G. Remulla
JMK BUILDERS CONSTRUCTION,Jorge M. King
ROSAND BUILDERS CORPORATION,Roseller C. Rodriguez
EDELSONS BUILDERS INC.,Edgar S. Evangelista
ZYRE TRADING AND CONSTRUCTION,Zyrine May A. Rojas
RNN CONSTRUCTION CORPORATION,Ricaredo N. Nicolas
V.R. GUEVARRA CONSTRUCTION AND TRADING,Venerando R. Guevarra
RVDP CONSTRUCTION,Rainier V. Dela Peña
"EARTHWORK BUILDERS, INC.",Romeo N. Caparros
CAANA CONSTRUCTION CORPORATION,Antonio L. Caagbay
NOVA VENTUS CONSTRUCTION INC.,Elmer C. Novallasca
MIGHTY CONSTRUCTION & DEVELOPMENT INC.,Arnel C. Malaluan
"DREAMWORX BUILDER & TRADING, INC.",Abegail A. Valencia
MANCOL CONSTRUCTION CORPORATION,Manuel R. Colis
MNJAP CONSTRUCTION SERVICES,Mario N. Japson
G2XD CONSTRUCTION SERVICES,Glodivino D. Diros
GH BELANDRES CONSTRUCTORS INC,Godofredo H. Belandres
ILFREO CONSTRUCTION CORP.,Alfredo G. Iloreta
"F.P. DE GUZMAN CONSTRUCTION, INC.",Francisco P. De Guzman
SLHAV CONSTRUCTION,Sheila Lyn H. Avila-Villanueva
RJR CALCON CORP.,Ricardo Jose R. Calayan
RWORKMATE CONSTRUCTION,Roxanne Jane A. Aggabao
JIM AND JEM CONSTRUCTION SERVICES,James B. Montes
C.B. TAMPENGCO CONSTRUCTION & SUPPLY,Cecilio B. Tampengco
"ATLANTA CONSTRUCTION COMPANY, INC.",Anson G. Tan
GILTOP CIVIL ENGINEERING CONSTRUCTION,Gilbert T. Oppus
SONPRO CONSTRUCTION,Allan Roy S. Soriano
P7 BUILDERS INC.,Paul Vincent L. Pimentel
LIM GENERAL CONTRACTOR CORPORATION,Alex G. Lim
GRAC-TA BUILDERS,Tarcisio A. Gravador
JMRP CONSTRUCTION SERVICES,Joel M. R. Pacia
ALE BUILDERS CONSTRUCTION AND DEVELOPMENT CORP.,Alexander L. Edades
S.R. LUMANTA CONSTRUCTION & SUPPLY,Segundino R. Lumanta
EBUILDERS CONSTRUCTION & DEVELOPMENT CORP.,Efren B. Chavez
"ZALI CONSTRUCTION, INC.",Rizalito P. Mercado
4 DOUBLERS TRADING & CONTRACTOR INC.,Danilo D. Dumanig
W.J. CONSTRUCTION OPC,Wilson R. Jesalva
E.I. VILLACORTE CONSTRUCTION,Elmer I. Villacorte
ISECURE BUILDER AND CONSTRUCTION SUPPLIES,Not found
SAN IGMEDIO BUILDERS INCORPORATED,Elpidio I. Santos
TRI-DAN-J CONSTRUCTION AND TRADING,Danilo B. Javier
NEW EASTPOINT BUILDERS CORP.,Jose Ramon L. Ocampo
L.M.G. CONSTRUCTION INCORPORATED,Lolita M. Garcia
J.M.L.R. CONSTRUCTION AND SUPPLY,Josefina M. Reyes
AL-ALAWI CONSTRUCTION,Abdul Nasser B. Al-Alawi
KIMCON CONSTRUCTION AND SUPPLY,Kimberly Joy P. De Guzman
METER KING INC.,Noel D. Litan
EMICA BUILDERS AND SUPPLY,Erlinda M. Cabrera
CHRIZMARIE BUILDERS AND CONSTRUCTION SUPPLY,Ma. Cristina D. Cruz
AVECS CORPORATION,"Antonio M. Macawile, Jr."
A. DELA CRUZ BUILDERS INC.,Antonio V. Dela Cruz
PILASTRO BUILDERS & DEVELOPMENT INC.,Pilarcita G. Reyes
AYLAN CONSTRUCTION & TRADING,Alain C. Young
PETER G. CHUA BUILDERS,Peter G. Chua
ALRIE CONSTRUCTION SERVICES,Alexander A. Riego
RGDG CONSTRUCTION,Romeo G. De Guzman
ANDREW LOUIS CONSTRUCTION AND TRADING,Andrew Louis F. Pe
1HB CONSTRUCTION CORP.,Hilario B. Awkit
FRONT NINE KONSTRUCT (BUILDERS & REALTY DEVELOPMENT) CORPORATION,Romeo D. L. J. Punzalan
E.S. JOSEFA CONSTRUCTION,Eliseo S. Josefa
DENNREY CONSTRUCTION AND TRADING COMPANY,Dennis A. Reyes
MSB VITUG CONSTRUCTION,Marissa B. Vitug
LQG TRADING AND CONSTRUCTION,Louie Q. Gomez
COSMAN BUILDERS,Cosmiano G. Manlulu
LIZVIL CONSTRUCTION & SUPPLY,Liza V. Estoque
"LDC CONSTRUCTION AND SUPPLY, INC.",Lorena D. Cayanan
SMPE CONSTRUCTION TRADING CORPORATION,Sonny Marvin P. Enriquez
MRJR CONSTRUCTION & TRADING,Michael Ryan J. Ramos
"RJM CONSTRUCTION AND DEV'T., INC.",Rolando J. Martinez
MACSTRENGTH CONSTRUCTION,Aristedes R. Canlas
MGY BUILDERS CORPORATION,Michael G. Yu
R2CG BUILDERS INC.,Reynaldo C. Garcia
5.J.B.P. PREMIUM CONSTRUCTION CORPORATION,Julius Cesar B. Pascual
CATTECORYLL CONSTRUCTION & TRADING CORP,Christian Aldrin C. Catte
RFSM CONSTRUCTION CORPORATION,Ricardo F. S. Mendoza
R.M. NUNEZ CONSTRUCTION CORPORATION,Ricardo M. Nunez
ALEXA TRADING & CONSTRUCTION,Alexander S. Ang
C.S.L. CONSTRUCTION CORPORATION,Cezar S. Lao
DAVHEZ TRADING & CONSTRUCTION,Dave Z. Hernandez
VICTORIA DEVELOPMENT AND VENTURES CORP.,Gliceria V. Laluces
GECEL CONSTRUCTION,Genaro C. Angeles
GMO CONSTRUCTION,Geronimo M. Oliveros
RIMJ CONSTRUCTION SUPPLIES AND SERVICES,Ramil I. Merin
JAYLOT TRADING & CONSTRUCTION,Loida T. Jayson
"PHILIPPINE CHEMSTEEL INDUSTRIES, INC.",Antonio S. Tan
M.P.Z. CARREON BUILDERS,Ma. Paz Z. Carreon
ENYE CONSTRUCTION & DEVELOPMENT INC.,Ronaldo G. Tiotuico
R.E. ORLINA CONSTRUCTION CORPORATION,Rafael E. Orlina
J.C. UYECIO CONSTRUCTION AND DEVELOPMENT COMPANY,John C. Uycio
CG GENERAL CONSTRUCTION & DEVELOPMENT CORPORATION,Christoper P. Go
JP ESPIRITU CONSTRUCTION SERVICES AND SUPPLY,John Paul M. Espiritu
ANN-GIE BUILDERS,Maria Angela L. Cunanan
VERDAX BUILDERS,Dexter F. Verceluz
JALENZ CONSTRUCTION & SUPPLY,Jenalyn L. Zonio
SKYSCRAPERPH CONSTRUCTION CORPORATION,Shemmy Varilla
FIRST METSTEEL BUILDERS,Elmer D. Dadios
JAYMAR BUILDERS,Jaime J. Pajara
MIGHTY HOK SUMMIT CONSTRUCTION & DEVELOPMENT CORP.,Allan L. Lim
SILVERGRACES CONSTRUCTION AND CONSTRUCTION SUPPLY,Grace C. Silverio
R.A. CONSTRUCTION DEVELOPMENT CORPORATION,Romeo C. Abarro
ONE TERRA BUILDERS AND CONSTRUCTION SUPPLY,Jayson P. Nufable
RKVT CONSTRUCTION,Romel K. Villalon Tagle
WILKINSON CONSTRUCTION,Wilkinson C. Ong
HOMEWORLD CONSTRUCTION CORP.,Johnny T. Uy
MOLROW CONSTRUCTION & SUPPLY,Rowena L. Molon
"REDSON CONSTRUCTION AND SUPPLIES, INC.",Redentor S. Jardin
REKINA CONSTRUCTION SERVICES,Richard M. Kinao
R.A.G. CORONA CONSTRUCTION AND AGGREGATES SUPPLY,Romeo A.G. Corona
JAIME B. CHING ENTERPRISES,Jaime B. Ching
JVC TOUGH CORE CONSTRUCTION & BUILDERS CORP.,Jonald V. Caimbon
NRS BUILDERS AND SUPPLIES,Nelia R. Samson
RCODE BUILDERS AND AGGREGATES SUPPLY,Ronnel B. Codeniera
KOUKEN CONSTRUCTION,Masanori Ota
HIGEL CONSTRUCTION,Hilario G. Elisan
M.K.U. CONSTRUCTION AND SUPPLY,Melchor K. Uy
SL & G CONSTRUCTION,Susan L. Gador
ALEXANDRIA CONSTRUCTION AND SUPPLY,Alexander P. Francisco
XA CONSTRUCTION,Xavier A. Aguilar
PHILSOUTH BUILDERS INC,Medel A. Vigo
"SILVERRIA CONSTRUCTION AND CONSTRUCTION SUPPLY COMPANY, OPC",Ria C. Silverio
MAI CONSTRUCTION & SUPPLY,Marianita A. Impas
GRAM CONSTRUCTION AND SUPPLY,Gerardo S. Roncesvalles
CANLAON BUILDERS AND DEVELOPMENT CORPORATION,George T. Sy
CBCL CONSTRUCTION & SUPPLY,Crisanto B.C. Lopez
"HAFF CONSTRUCTION AND SUPPLIES, INC.",Haffid R. Canda
EJJ CONSTRUCTION AND SUPPLY,Enrico J. Jalbuena
FOUR SG ENTERPRISES,Sherwin G. Soriao
BCV CONSTRUCTION,Benedict C. Villacruel
HUMMING BIRD CONSTRUCTION & SUPPLY CORPORATION,Joseph Omar A. Andaya
"SUPREME MEGA STRUCTURE BUILDERS, INC.",Michael C. Tan
"GKMM CONSTRUCTION & SUPPLIES, INC.",Gerald Kimm M. Mijares
SILVER DRAGON CONSTRUCTION & LUMBER & GLASS SUPPLY INC.,Stephen S. Gaisano
J.F. UY CONSTRUCTION SERVICES,Jose Frederick F. Uy
EMR BUILDERS AND DEVELOPMENT CORPORATION,Edgar M. Reyes
TMTC CONSTRUCTION AND SUPPLY CORPORATION,"Timoteo M. Consing, Jr."
MG CONSTRUCTION,Michael L. Go
H.L.J CONSTRUCTION & ENTERPRISES,Henry L. Jordan
ANCHORVILLE REALTY DEV'T CONSTRUCTION CORP.,Jessie T. Co
ROCK-WILLIAN CONSTRUCTION AND SUPPLY,William T. Go
"GOLDSTAR MARKETING & CONSTRUCTION SERVICES, INC.",Rolando E. Piamonte
"RISM BUILDERS AND CONSTRUCTION SERVICES, INC.",Ricardo I. S. Macasaet
"ESJ AND SONS CONSTRUCTION & CONSTRUCTION SUPPLY, INC.",Emerson S. Jugueta
KENBE CONSTRUCTION & SUPPLY,Kennedy B. Enriquez
"ST. RAYMUND CONSTRUCTION, INC.",Raymund I. Tongson
8G CONSTRUCTION AND GENERAL SERVICES,Geraldine T. Gaylan
ALTA NEGROS INDUSTRIAL SUPPLY CORPORATION,John Alonte
SAGITTARIUS CONSTRUCTION,Jerry Sy
RHT CONSTRUCTION AND SUPPLIES,Ryan H. Tionko
"GALFONS BUILDERS & SUPPLY, INC.","Alfonso D. Golez, Jr."
PJD CONSTRUCTION AND SUPPLY,Paul John D. Demavivas
ALOJA BUILDERS AND REALTY,Alvin L. Jalandoni
R.E. SINGSON CONSTRUCTION AND DEVELOPMENT INC.,Ramonito E. Singson
KWIKBUILT DEVELOPMENT CORPORATION,Francisco C. Benares
